Workbook

Sheet Cotacao
A1: Column1 | B1: 1 | C1: DATA inicial | D1: ABCB4 | E1: 06/27/2019 | F1: BBSE3 | G1: DATA final | H1: EGIE3 | I1: 06/27/2020 | J1: ENAT3 | K1: DATA | L1: ENBR3 | M1: DATA_1 | N1: ITSA4 | O1: DATA_2 | P1: ITUB3 | Q1: DATA_3 | R1: LEVE3 | S1: DATA_4 | T1: MRVE3 | U1: DATA_5 | V1: SAPR4 | W1: DATA_6 | X1: SDIL11 | Y1: DATA_7 | Z1: TAEE11 | AA1: DATA_8 | AB1: TRPL4 | AC1: DATA_9 | AD1: TUPY3 | AE1: DATA_10 | AF1: UNIP6 | AG1: DATA_11 | AH1: VALE3 | AI1: DATA_12 | AJ1: VIVT3 | AK1: DATA_13 | AL1: VULC3 | AM1: DATA_14 | AN1: BCFF11 | AO1: DATA_15 | AP1: HGCR11 | AQ1: DATA_16 | AR1: MXRF11 | AS1: DATA_17 | AT1: MBRF11 | AU1: DATA_18 | AV1: GGRC11 | AW1: DATA_19 | AX1: MFII11 | AY1: DATA_20 | AZ1: FLMA11 | BA1: DATA_21 | BB1: HGLG11 | BC1: DATA_22 | BD1: LCAM3 | BE1: DATA_23 | BF1: SQIA3 | BG1: DATA_24 | BH1: MDIA3 | BI1: DATA_25 | BJ1: KNRI11 | BK1: DATA_26 | BL1: WEGE3 | BM1: DATA_27 | BN1: B3SA3 | BO1: DATA_28 | BP1: PETR4 | BQ1: DATA_29 | BR1: PRIO3 | BS1: DATA_30 | BT1: TIET11 | BU1: DATA_31 | BV1: IBOV | BW1: DATA_32 | BX1: CESP6
B2: 2 | C2: Date | D2: Close | E2: Date | F2: Close | G2: Date | H2: Close | I2: Date | J2: Close | K2: Date | L2: Close | M2: Date | N2: Close | O2: Date | P2: Close | Q2: Date | R2: Close | S2: Date | T2: Close | U2: Date | V2: Close | W2: Date | X2: Close | Y2: Date | Z2: Close | AA2: Date | AB2: Close | AC2: Date | AD2: Close | AE2: Date | AF2: Close | AG2: Date | AH2: Close | AI2: Date | AJ2: Close | AK2: Date | AL2: Close | AM2: Date | AN2: Close | AO2: Date | AP2: Close | AQ2: Date | AR2: Close | AS2: Date | AT2: Close | AU2: Date | AV2: Close | AW2: Date | AX2: Close | AY2: Date | AZ2: Close | BA2: Date | BB2: Close | BC2: Date | BD2: Close | BE2: Date | BF2: Close | BG2: Date | BH2: Close | BI2: Date | BJ2: Close | BK2: Date | BL2: Close | BM2: Date | BN2: Close | BO2: Date | BP2: Close | BQ2: Date | BR2: Close | BS2: Date | BT2: Close | BU2: Date | BV2: Close | BW2: Date | BX2: Close
B3: 3 | C3: 6/27/2019 16:56:00 | D3: 19 | E3: 6/27/2019 16:56:00 | F3: 32.43 | G3: 6/27/2019 16:56:00 | H3: 42.69 | I3: 6/27/2019 16:56:00 | J3: 13.18 | K3: 6/27/2019 16:56:00 | L3: 19.06 | M3: 6/27/2019 16:56:00 | N3: 12.94 | O3: 6/27/2019 16:56:00 | P3: 31 | Q3: 6/27/2019 16:56:00 | R3: 24.25 | S3: 6/27/2019 16:56:00 | T3: 19.24 | U3: 6/27/2019 16:56:00 | V3: 4.79 | W3: 6/27/2019 16:56:00 | X3: 112.1 | Y3: 6/27/2019 16:56:00 | Z3: 27.1 | AA3: 6/27/2019 16:56:00 | AB3: 24.52 | AC3: 6/27/2019 16:56:00 | AD3: 20.33 | AE3: 6/27/2019 16:56:00 | AF3: 35.82 | AG3: 6/27/2019 16:56:00 | AH3: 51.7 | AI3: 6/27/2019 16:56:00 | AJ3: 42.99 | AK3: 6/27/2019 16:56:00 | AL3: 6.61 | AM3: 6/27/2019 16:56:00 | AN3: 88.58 | AO3: 6/27/2019 16:56:00 | AP3: 119.08 | AQ3: 6/27/2019 16:56:00 | AR3: 11.37 | AS3: 6/27/2019 16:56:00 | AT3: 1256.96 | AU3: 6/27/2019 16:56:00 | AV3: 140.4 | AW3: 6/27/2019 16:56:00 | AX3: 120.38 | AY3: 6/27/2019 16:56:00 | AZ3: 3.62 | BA3: 6/27/2019 16:56:00 | BB3: 148.16 | BC3: 6/27/2019 16:56:00 | BD3: 15.81 | BE3: 6/27/2019 16:56:00 | BF3: 9.55 | BG3: 6/27/2019 16:56:00 | BH3: 38.73 | BI3: 6/27/2019 16:56:00 | BJ3: 152.6 | BK3: 6/27/2019 16:56:00 | BL3: 21.36 | BM3: 6/27/2019 16:56:00 | BN3: 37.59 | BO3: 6/27/2019 16:56:00 | BP3: 27.23 | BQ3: 6/27/2019 16:56:00 | BR3: 15.45 | BS3: 6/27/2019 16:56:00 | BT3: 11.63 | BU3: 6/27/2019 16:56:00 | BV3: 100723,97 | BW3: 6/27/2019 16:56:00 | BX3: 26,41
B4: 4 | C4: 6/28/2019 16:56:00 | D4: 19.22 | E4: 6/28/2019 16:56:00 | F4: 32.38 | G4: 6/28/2019 16:56:00 | H4: 43.47 | I4: 6/28/2019 16:56:00 | J4: 12.78 | K4: 6/28/2019 16:56:00 | L4: 18.9 | M4: 6/28/2019 16:56:00 | N4: 12.89 | O4: 6/28/2019 16:56:00 | P4: 31.13 | Q4: 6/28/2019 16:56:00 | R4: 24.72 | S4: 6/28/2019 16:56:00 | T4: 19.57 | U4: 6/28/2019 16:56:00 | V4: 4.9 | W4: 6/28/2019 16:56:00 | X4: 114 | Y4: 6/28/2019 16:56:00 | Z4: 27.16 | AA4: 6/28/2019 16:56:00 | AB4: 24.74 | AC4: 6/28/2019 16:56:00 | AD4: 20.89 | AE4: 6/28/2019 16:56:00 | AF4: 35.65 | AG4: 6/28/2019 16:56:00 | AH4: 51.82 | AI4: 6/28/2019 16:56:00 | AJ4: 42.25 | AK4: 6/28/2019 16:56:00 | AL4: 6.69 | AM4: 6/28/2019 16:56:00 | AN4: 89.39 | AO4: 6/28/2019 16:56:00 | AP4: 119.75 | AQ4: 6/28/2019 16:56:00 | AR4: 11.41 | AS4: 6/28/2019 16:56:00 | AT4: 1268.98 | AU4: 6/28/2019 16:56:00 | AV4: 141.81 | AW4: 6/28/2019 16:56:00 | AX4: 121.1 | AY4: 6/28/2019 16:56:00 | AZ4: 3.64 | BA4: 6/28/2019 16:56:00 | BB4: 148.54 | BC4: 6/28/2019 16:56:00 | BD4: 16.29 | BE4: 6/28/2019 16:56:00 | BF4: 9.65 | BG4: 6/28/2019 16:56:00 | BH4: 38.96 | BI4: 6/28/2019 16:56:00 | BJ4: 154.23 | BK4: 6/28/2019 16:56:00 | BL4: 21.36 | BM4: 6/28/2019 16:56:00 | BN4: 37.46 | BO4: 6/28/2019 16:56:00 | BP4: 27.41 | BQ4: 6/28/2019 16:56:00 | BR4: 15.77 | BS4: 6/28/2019 16:56:00 | BT4: 11.77 | BU4: 6/28/2019 16:56:00 | BV4: 100967,2 | BW4: 6/28/2019 16:56:00 | BX4: 27,18
B5: 5 | C5: 7/1/2019 16:56:00 | D5: 19 | E5: 7/1/2019 16:56:00 | F5: 32.8 | G5: 7/1/2019 16:56:00 | H5: 43.5 | I5: 7/1/2019 16:56:00 | J5: 12.95 | K5: 7/1/2019 16:56:00 | L5: 18.66 | M5: 7/1/2019 16:56:00 | N5: 12.92 | O5: 7/1/2019 16:56:00 | P5: 31.11 | Q5: 7/1/2019 16:56:00 | R5: 24.98 | S5: 7/1/2019 16:56:00 | T5: 19.12 | U5: 7/1/2019 16:56:00 | V5: 4.8 | W5: 7/1/2019 16:56:00 | X5: 111.48 | Y5: 7/1/2019 16:56:00 | Z5: 27.4 | AA5: 7/1/2019 16:56:00 | AB5: 24.55 | AC5: 7/1/2019 16:56:00 | AD5: 21 | AE5: 7/1/2019 16:56:00 | AF5: 35.49 | AG5: 7/1/2019 16:56:00 | AH5: 53.65 | AI5: 7/1/2019 16:56:00 | AJ5: 41.6 | AK5: 7/1/2019 16:56:00 | AL5: 6.6 | AM5: 7/1/2019 16:56:00 | AN5: 89.6 | AO5: 7/1/2019 16:56:00 | AP5: 118.75 | AQ5: 7/1/2019 16:56:00 | AR5: 11.27 | AS5: 7/1/2019 16:56:00 | AT5: 1262.09 | AU5: 7/1/2019 16:56:00 | AV5: 142.96 | AW5: 7/1/2019 16:56:00 | AX5: 119.9 | AY5: 7/1/2019 16:56:00 | AZ5: 3.63 | BA5: 7/1/2019 16:56:00 | BB5: 151.64 | BC5: 7/1/2019 16:56:00 | BD5: 16.04 | BE5: 7/1/2019 16:56:00 | BF5: 9.74 | BG5: 7/1/2019 16:56:00 | BH5: 38.73 | BI5: 7/1/2019 16:56:00 | BJ5: 155.5 | BK5: 7/1/2019 16:56:00 | BL5: 21.58 | BM5: 7/1/2019 16:56:00 | BN5: 38.15 | BO5: 7/1/2019 16:56:00 | BP5: 27.26 | BQ5: 7/1/2019 16:56:00 | BR5: 15.91 | BS5: 7/1/2019 16:56:00 | BT5: 11.9 | BU5: 7/1/2019 16:56:00 | BV5: 101339,68 | BW5: 7/1/2019 16:56:00 | BX5: 27,48
B6: 6 | C6: 7/2/2019 16:56:00 | D6: 18.82 | E6: 7/2/2019 16:56:00 | F6: 32.6 | G6: 7/2/2019 16:56:00 | H6: 43.71 | I6: 7/2/2019 16:56:00 | J6: 12.87 | K6: 7/2/2019 16:56:00 | L6: 18.85 | M6: 7/2/2019 16:56:00 | N6: 12.78 | O6: 7/2/2019 16:56:00 | P6: 30.8 | Q6: 7/2/2019 16:56:00 | R6: 25.03 | S6: 7/2/2019 16:56:00 | T6: 19.4 | U6: 7/2/2019 16:56:00 | V6: 4.91 | W6: 7/2/2019 16:56:00 | X6: 111.25 | Y6: 7/2/2019 16:56:00 | Z6: 27.4 | AA6: 7/2/2019 16:56:00 | AB6: 24.41 | AC6: 7/2/2019 16:56:00 | AD6: 21 | AE6: 7/2/2019 16:56:00 | AF6: 35.1 | AG6: 7/2/2019 16:56:00 | AH6: 51.39 | AI6: 7/2/2019 16:56:00 | AJ6: 42.72 | AK6: 7/2/2019 16:56:00 | AL6: 6.48 | AM6: 7/2/2019 16:56:00 | AN6: 89.73 | AO6: 7/2/2019 16:56:00 | AP6: 118.05 | AQ6: 7/2/2019 16:56:00 | AR6: 11.31 | AS6: 7/2/2019 16:56:00 | AT6: 1266 | AU6: 7/2/2019 16:56:00 | AV6: 142.49 | AW6: 7/2/2019 16:56:00 | AX6: 120 | AY6: 7/2/2019 16:56:00 | AZ6: 3.63 | BA6: 7/2/2019 16:56:00 | BB6: 152.38 | BC6: 7/2/2019 16:56:00 | BD6: 15.8 | BE6: 7/2/2019 16:56:00 | BF6: 9.94 | BG6: 7/2/2019 16:56:00 | BH6: 39.5 | BI6: 7/2/2019 16:56:00 | BJ6: 155 | BK6: 7/2/2019 16:56:00 | BL6: 21.56 | BM6: 7/2/2019 16:56:00 | BN6: 37.55 | BO6: 7/2/2019 16:56:00 | BP6: 26.82 | BQ6: 7/2/2019 16:56:00 | BR6: 15.67 | BS6: 7/2/2019 16:56:00 | BT6: 11.53 | BU6: 7/2/2019 16:56:00 | BV6: 100605,17 | BW6: 7/2/2019 16:56:00 | BX6: 27,06
B7: 7 | C7: 7/3/2019 16:56:00 | D7: 18.78 | E7: 7/3/2019 16:56:00 | F7: 32.77 | G7: 7/3/2019 16:56:00 | H7: 44.06 | I7: 7/3/2019 16:56:00 | J7: 12.8 | K7: 7/3/2019 16:56:00 | L7: 19.3 | M7: 7/3/2019 16:56:00 | N7: 12.98 | O7: 7/3/2019 16:56:00 | P7: 31.22 | Q7: 7/3/2019 16:56:00 | R7: 24.86 | S7: 7/3/2019 16:56:00 | T7: 19.1 | U7: 7/3/2019 16:56:00 | V7: 4.95 | W7: 7/3/2019 16:56:00 | X7: 112 | Y7: 7/3/2019 16:56:00 | Z7: 27.67 | AA7: 7/3/2019 16:56:00 | AB7: 24.08 | AC7: 7/3/2019 16:56:00 | AD7: 20.82 | AE7: 7/3/2019 16:56:00 | AF7: 34.82 | AG7: 7/3/2019 16:56:00 | AH7: 51.29 | AI7: 7/3/2019 16:56:00 | AJ7: 43 | AK7: 7/3/2019 16:56:00 | AL7: 6.57 | AM7: 7/3/2019 16:56:00 | AN7: 90.87 | AO7: 7/3/2019 16:56:00 | AP7: 118.5 | AQ7: 7/3/2019 16:56:00 | AR7: 11.38 | AS7: 7/3/2019 16:56:00 | AT7: 1295 | AU7: 7/3/2019 16:56:00 | AV7: 146.6 | AW7: 7/3/2019 16:56:00 | AX7: 120.2 | AY7: 7/3/2019 16:56:00 | AZ7: 3.64 | BA7: 7/3/2019 16:56:00 | BB7: 153.5 | BC7: 7/3/2019 16:56:00 | BD7: 16 | BE7: 7/3/2019 16:56:00 | BF7: 10.08 | BG7: 7/3/2019 16:56:00 | BH7: 39.65 | BI7: 7/3/2019 16:56:00 | BJ7: 156 | BK7: 7/3/2019 16:56:00 | BL7: 21.7 | BM7: 7/3/2019 16:56:00 | BN7: 38.4 | BO7: 7/3/2019 16:56:00 | BP7: 27.13 | BQ7: 7/3/2019 16:56:00 | BR7: 16.09 | BS7: 7/3/2019 16:56:00 | BT7: 11.78 | BU7: 7/3/2019 16:56:00 | BV7: 102043,11 | BW7: 7/3/2019 16:56:00 | BX7: 27,51
B8: 8 | C8: 7/4/2019 16:56:00 | D8: 19.35 | E8: 7/4/2019 16:56:00 | F8: 33.09 | G8: 7/4/2019 16:56:00 | H8: 44.34 | I8: 7/4/2019 16:56:00 | J8: 12.97 | K8: 7/4/2019 16:56:00 | L8: 19.62 | M8: 7/4/2019 16:56:00 | N8: 13.15 | O8: 7/4/2019 16:56:00 | P8: 31.53 | Q8: 7/4/2019 16:56:00 | R8: 25.58 | S8: 7/4/2019 16:56:00 | T8: 19.17 | U8: 7/4/2019 16:56:00 | V8: 4.98 | W8: 7/4/2019 16:56:00 | X8: 110.97 | Y8: 7/4/2019 16:56:00 | Z8: 27.78 | AA8: 7/4/2019 16:56:00 | AB8: 24.07 | AC8: 7/4/2019 16:56:00 | AD8: 20.89 | AE8: 7/4/2019 16:56:00 | AF8: 35.11 | AG8: 7/4/2019 16:56:00 | AH8: 51.67 | AI8: 7/4/2019 16:56:00 | AJ8: 44.03 | AK8: 7/4/2019 16:56:00 | AL8: 6.75 | AM8: 7/4/2019 16:56:00 | AN8: 90.45 | AO8: 7/4/2019 16:56:00 | AP8: 118.28 | AQ8: 7/4/2019 16:56:00 | AR8: 11.47 | AS8: 7/4/2019 16:56:00 | AT8: 1289 | AU8: 7/4/2019 16:56:00 | AV8: 144.7 | AW8: 7/4/2019 16:56:00 | AX8: 120 | AY8: 7/4/2019 16:56:00 | AZ8: 3.62 | BA8: 7/4/2019 16:56:00 | BB8: 153.09 | BC8: 7/4/2019 16:56:00 | BD8: 16.07 | BE8: 7/4/2019 16:56:00 | BF8: 10.03 | BG8: 7/4/2019 16:56:00 | BH8: 39.81 | BI8: 7/4/2019 16:56:00 | BJ8: 153 | BK8: 7/4/2019 16:56:00 | BL8: 22.2 | BM8: 7/4/2019 16:56:00 | BN8: 39.74 | BO8: 7/4/2019 16:56:00 | BP8: 27.39 | BQ8: 7/4/2019 16:56:00 | BR8: 16.05 | BS8: 7/4/2019 16:56:00 | BT8: 11.97 | BU8: 7/4/2019 16:56:00 | BV8: 103636,17 | BW8: 7/4/2019 16:56:00 | BX8: 27,95
B9: 9 | C9: 7/5/2019 16:56:00 | D9: 18.85 | E9: 7/5/2019 16:56:00 | F9: 33.85 | G9: 7/5/2019 16:56:00 | H9: 44.55 | I9: 7/5/2019 16:56:00 | J9: 13.1 | K9: 7/5/2019 16:56:00 | L9: 19.48 | M9: 7/5/2019 16:56:00 | N9: 13.27 | O9: 7/5/2019 16:56:00 | P9: 31.8 | Q9: 7/5/2019 16:56:00 | R9: 25.59 | S9: 7/5/2019 16:56:00 | T9: 19.35 | U9: 7/5/2019 16:56:00 | V9: 4.89 | W9: 7/5/2019 16:56:00 | X9: 111 | Y9: 7/5/2019 16:56:00 | Z9: 28.03 | AA9: 7/5/2019 16:56:00 | AB9: 24.48 | AC9: 7/5/2019 16:56:00 | AD9: 20.88 | AE9: 7/5/2019 16:56:00 | AF9: 35.1 | AG9: 7/5/2019 16:56:00 | AH9: 50.36 | AI9: 7/5/2019 16:56:00 | AJ9: 43.65 | AK9: 7/5/2019 16:56:00 | AL9: 6.69 | AM9: 7/5/2019 16:56:00 | AN9: 90.51 | AO9: 7/5/2019 16:56:00 | AP9: 118.61 | AQ9: 7/5/2019 16:56:00 | AR9: 11.63 | AS9: 7/5/2019 16:56:00 | AT9: 1289.89 | AU9: 7/5/2019 16:56:00 | AV9: 144.6 | AW9: 7/5/2019 16:56:00 | AX9: 120.3 | AY9: 7/5/2019 16:56:00 | AZ9: 3.63 | BA9: 7/5/2019 16:56:00 | BB9: 153.09 | BC9: 7/5/2019 16:56:00 | BD9: 16.67 | BE9: 7/5/2019 16:56:00 | BF9: 10.24 | BG9: 7/5/2019 16:56:00 | BH9: 39.43 | BI9: 7/5/2019 16:56:00 | BJ9: 152.99 | BK9: 7/5/2019 16:56:00 | BL9: 22.4 | BM9: 7/5/2019 16:56:00 | BN9: 40.4 | BO9: 7/5/2019 16:56:00 | BP9: 27.4 | BQ9: 7/5/2019 16:56:00 | BR9: 16.4 | BS9: 7/5/2019 16:56:00 | BT9: 12.13 | BU9: 7/5/2019 16:56:00 | BV9: 104089,47 | BW9: 7/5/2019 16:56:00 | BX9: 28,47
B10: 10 | C10: 7/8/2019 16:56:00 | D10: 18.85 | E10: 7/8/2019 16:56:00 | F10: 33.51 | G10: 7/8/2019 16:56:00 | H10: 45.17 | I10: 7/8/2019 16:56:00 | J10: 14 | K10: 7/8/2019 16:56:00 | L10: 19.65 | M10: 7/8/2019 16:56:00 | N10: 13.28 | O10: 7/8/2019 16:56:00 | P10: 31.86 | Q10: 7/8/2019 16:56:00 | R10: 25.52 | S10: 7/8/2019 16:56:00 | T10: 19.63 | U10: 7/8/2019 16:56:00 | V10: 5.15 | W10: 7/8/2019 16:56:00 | X10: 111 | Y10: 7/8/2019 16:56:00 | Z10: 28.34 | AA10: 7/8/2019 16:56:00 | AB10: 25.12 | AC10: 7/8/2019 16:56:00 | AD10: 20.47 | AE10: 7/8/2019 16:56:00 | AF10: 36 | AG10: 7/8/2019 16:56:00 | AH10: 50.95 | AI10: 7/8/2019 16:56:00 | AJ10: 44.33 | AK10: 7/8/2019 16:56:00 | AL10: 7.36 | AM10: 7/8/2019 16:56:00 | AN10: 89.98 | AO10: 7/8/2019 16:56:00 | AP10: 118.9 | AQ10: 7/8/2019 16:56:00 | AR10: 11.61 | AS10: 7/8/2019 16:56:00 | AT10: 1293.29 | AU10: 7/8/2019 16:56:00 | AV10: 142.89 | AW10: 7/8/2019 16:56:00 | AX10: 120.3 | AY10: 7/8/2019 16:56:00 | AZ10: 3.64 | BA10: 7/8/2019 16:56:00 | BB10: 152.1 | BC10: 7/8/2019 16:56:00 | BD10: 17.27 | BE10: 7/8/2019 16:56:00 | BF10: 10.58 | BG10: 7/8/2019 16:56:00 | BH10: 38.71 | BI10: 7/8/2019 16:56:00 | BJ10: 152.7 | BK10: 7/8/2019 16:56:00 | BL10: 22.53 | BM10: 7/8/2019 16:56:00 | BN10: 40.3 | BO10: 7/8/2019 16:56:00 | BP10: 27.65 | BQ10: 7/8/2019 16:56:00 | BR10: 18 | BS10: 7/8/2019 16:56:00 | BT10: 12.5 | BU10: 7/8/2019 16:56:00 | BV10: 104530,22 | BW10: 7/8/2019 16:56:00 | BX10: 28,5
B11: 11 | C11: 7/10/2019 16:56:00 | D11: 19.2 | E11: 7/10/2019 16:56:00 | F11: 33.74 | G11: 7/10/2019 16:56:00 | H11: 46.16 | I11: 7/10/2019 16:56:00 | J11: 13.9 | K11: 7/10/2019 16:56:00 | L11: 19.96 | M11: 7/10/2019 16:56:00 | N11: 13.34 | O11: 7/10/2019 16:56:00 | P11: 31.57 | Q11: 7/10/2019 16:56:00 | R11: 25.34 | S11: 7/10/2019 16:56:00 | T11: 20.09 | U11: 7/10/2019 16:56:00 | V11: 5.17 | W11: 7/10/2019 16:56:00 | X11: 110.75 | Y11: 7/10/2019 16:56:00 | Z11: 28.69 | AA11: 7/10/2019 16:56:00 | AB11: 25.56 | AC11: 7/10/2019 16:56:00 | AD11: 20.56 | AE11: 7/10/2019 16:56:00 | AF11: 35.7 | AG11: 7/10/2019 16:56:00 | AH11: 52.13 | AI11: 7/10/2019 16:56:00 | AJ11: 45.9 | AK11: 7/10/2019 16:56:00 | AL11: 7.32 | AM11: 7/10/2019 16:56:00 | AN11: 89.95 | AO11: 7/10/2019 16:56:00 | AP11: 118.51 | AQ11: 7/10/2019 16:56:00 | AR11: 11.6 | AS11: 7/10/2019 16:56:00 | AT11: 1273 | AU11: 7/10/2019 16:56:00 | AV11: 142.53 | AW11: 7/10/2019 16:56:00 | AX11: 119.96 | AY11: 7/10/2019 16:56:00 | AZ11: 3.64 | BA11: 7/10/2019 16:56:00 | BB11: 151.22 | BC11: 7/10/2019 16:56:00 | BD11: 17.2 | BE11: 7/10/2019 16:56:00 | BF11: 11.24 | BG11: 7/10/2019 16:56:00 | BH11: 39.86 | BI11: 7/10/2019 16:56:00 | BJ11: 152.47 | BK11: 7/10/2019 16:56:00 | BL11: 23.69 | BM11: 7/10/2019 16:56:00 | BN11: 42.1 | BO11: 7/10/2019 16:56:00 | BP11: 28.07 | BQ11: 7/10/2019 16:56:00 | BR11: 18.17 | BS11: 7/10/2019 16:56:00 | BT11: 12.6 | BU11: 7/10/2019 16:56:00 | BV11: 105817,06 | BW11: 7/10/2019 16:56:00 | BX11: 28,51
B12: 12 | C12: 7/11/2019 16:56:00 | D12: 18.67 | E12: 7/11/2019 16:56:00 | F12: 33.17 | G12: 7/11/2019 16:56:00 | H12: 46.03 | I12: 7/11/2019 16:56:00 | J12: 13.75 | K12: 7/11/2019 16:56:00 | L12: 19.9 | M12: 7/11/2019 16:56:00 | N12: 13.2 | O12: 7/11/2019 16:56:00 | P12: 31.55 | Q12: 7/11/2019 16:56:00 | R12: 25.46 | S12: 7/11/2019 16:56:00 | T12: 19.98 | U12: 7/11/2019 16:56:00 | V12: 5.22 | W12: 7/11/2019 16:56:00 | X12: 109.77 | Y12: 7/11/2019 16:56:00 | Z12: 28.96 | AA12: 7/11/2019 16:56:00 | AB12: 25.63 | AC12: 7/11/2019 16:56:00 | AD12: 20.44 | AE12: 7/11/2019 16:56:00 | AF12: 35.64 | AG12: 7/11/2019 16:56:00 | AH12: 52.05 | AI12: 7/11/2019 16:56:00 | AJ12: 45.06 | AK12: 7/11/2019 16:56:00 | AL12: 7.3 | AM12: 7/11/2019 16:56:00 | AN12: 90.4 | AO12: 7/11/2019 16:56:00 | AP12: 119 | AQ12: 7/11/2019 16:56:00 | AR12: 11.51 | AS12: 7/11/2019 16:56:00 | AT12: 1275 | AU12: 7/11/2019 16:56:00 | AV12: 143.49 | AW12: 7/11/2019 16:56:00 | AX12: 118.71 | AY12: 7/11/2019 16:56:00 | AZ12: 3.65 | BA12: 7/11/2019 16:56:00 | BB12: 151.38 | BC12: 7/11/2019 16:56:00 | BD12: 17.28 | BE12: 7/11/2019 16:56:00 | BF12: 11.22 | BG12: 7/11/2019 16:56:00 | BH12: 41.19 | BI12: 7/11/2019 16:56:00 | BJ12: 151.4 | BK12: 7/11/2019 16:56:00 | BL12: 23.6 | BM12: 7/11/2019 16:56:00 | BN12: 41.16 | BO12: 7/11/2019 16:56:00 | BP12: 28.4 | BQ12: 7/11/2019 16:56:00 | BR12: 18.28 | BS12: 7/11/2019 16:56:00 | BT12: 12.53 | BU12: 7/11/2019 16:56:00 | BV12: 105146,44 | BW12: 7/11/2019 16:56:00 | BX12: 28,78
B13: 13 | C13: 7/12/2019 16:56:00 | D13: 18.61 | E13: 7/12/2019 16:56:00 | F13: 33.42 | G13: 7/12/2019 16:56:00 | H13: 46.5 | I13: 7/12/2019 16:56:00 | J13: 14.02 | K13: 7/12/2019 16:56:00 | L13: 19.64 | M13: 7/12/2019 16:56:00 | N13: 13 | O13: 7/12/2019 16:56:00 | P13: 31.38 | Q13: 7/12/2019 16:56:00 | R13: 25.22 | S13: 7/12/2019 16:56:00 | T13: 19.43 | U13: 7/12/2019 16:56:00 | V13: 5.11 | W13: 7/12/2019 16:56:00 | X13: 110.95 | Y13: 7/12/2019 16:56:00 | Z13: 28.48 | AA13: 7/12/2019 16:56:00 | AB13: 25.61 | AC13: 7/12/2019 16:56:00 | AD13: 20.41 | AE13: 7/12/2019 16:56:00 | AF13: 35.29 | AG13: 7/12/2019 16:56:00 | AH13: 51.81 | AI13: 7/12/2019 16:56:00 | AJ13: 44.83 | AK13: 7/12/2019 16:56:00 | AL13: 7.1 | AM13: 7/12/2019 16:56:00 | AN13: 90.69 | AO13: 7/12/2019 16:56:00 | AP13: 119 | AQ13: 7/12/2019 16:56:00 | AR13: 11.57 | AS13: 7/12/2019 16:56:00 | AT13: 1278.64 | AU13: 7/12/2019 16:56:00 | AV13: 141.9 | AW13: 7/12/2019 16:56:00 | AX13: 119.09 | AY13: 7/12/2019 16:56:00 | AZ13: 3.67 | BA13: 7/12/2019 16:56:00 | BB13: 152 | BC13: 7/12/2019 16:56:00 | BD13: 17.21 | BE13: 7/12/2019 16:56:00 | BF13: 11.24 | BG13: 7/12/2019 16:56:00 | BH13: 40 | BI13: 7/12/2019 16:56:00 | BJ13: 152.3 | BK13: 7/12/2019 16:56:00 | BL13: 23.09 | BM13: 7/12/2019 16:56:00 | BN13: 39.7 | BO13: 7/12/2019 16:56:00 | BP13: 28.53 | BQ13: 7/12/2019 16:56:00 | BR13: 18.77 | BS13: 7/12/2019 16:56:00 | BT13: 12.63 | BU13: 7/12/2019 16:56:00 | BV13: 103905,99 | BW13: 7/12/2019 16:56:00 | BX13: 29,15
B14: 14 | C14: 7/15/2019 16:56:00 | D14: 18.14 | E14: 7/15/2019 16:56:00 | F14: 33.37 | G14: 7/15/2019 16:56:00 | H14: 45.99 | I14: 7/15/2019 16:56:00 | J14: 13.85 | K14: 7/15/2019 16:56:00 | L14: 19.4 | M14: 7/15/2019 16:56:00 | N14: 12.95 | O14: 7/15/2019 16:56:00 | P14: 31.05 | Q14: 7/15/2019 16:56:00 | R14: 25 | S14: 7/15/2019 16:56:00 | T14: 19.27 | U14: 7/15/2019 16:56:00 | V14: 5.13 | W14: 7/15/2019 16:56:00 | X14: 110.29 | Y14: 7/15/2019 16:56:00 | Z14: 28.03 | AA14: 7/15/2019 16:56:00 | AB14: 25.2 | AC14: 7/15/2019 16:56:00 | AD14: 20.55 | AE14: 7/15/2019 16:56:00 | AF14: 35.1 | AG14: 7/15/2019 16:56:00 | AH14: 52.69 | AI14: 7/15/2019 16:56:00 | AJ14: 45.74 | AK14: 7/15/2019 16:56:00 | AL14: 6.96 | AM14: 7/15/2019 16:56:00 | AN14: 90.8 | AO14: 7/15/2019 16:56:00 | AP14: 118.73 | AQ14: 7/15/2019 16:56:00 | AR14: 11.63 | AS14: 7/15/2019 16:56:00 | AT14: 1255 | AU14: 7/15/2019 16:56:00 | AV14: 141.18 | AW14: 7/15/2019 16:56:00 | AX14: 119 | AY14: 7/15/2019 16:56:00 | AZ14: 3.7 | BA14: 7/15/2019 16:56:00 | BB14: 152.98 | BC14: 7/15/2019 16:56:00 | BD14: 16.92 | BE14: 7/15/2019 16:56:00 | BF14: 11.7 | BG14: 7/15/2019 16:56:00 | BH14: 38.8 | BI14: 7/15/2019 16:56:00 | BJ14: 152.5 | BK14: 7/15/2019 16:56:00 | BL14: 22.4 | BM14: 7/15/2019 16:56:00 | BN14: 39.74 | BO14: 7/15/2019 16:56:00 | BP14: 28.18 | BQ14: 7/15/2019 16:56:00 | BR14: 19.26 | BS14: 7/15/2019 16:56:00 | BT14: 12.69 | BU14: 7/15/2019 16:56:00 | BV14: 103802,69 | BW14: 7/15/2019 16:56:00 | BX14: 29,3
B15: 15 | C15: 7/16/2019 16:56:00 | D15: 18.18 | E15: 7/16/2019 16:56:00 | F15: 33.39 | G15: 7/16/2019 16:56:00 | H15: 46.4 | I15: 7/16/2019 16:56:00 | J15: 13.75 | K15: 7/16/2019 16:56:00 | L15: 19.15 | M15: 7/16/2019 16:56:00 | N15: 12.89 | O15: 7/16/2019 16:56:00 | P15: 31.16 | Q15: 7/16/2019 16:56:00 | R15: 24.95 | S15: 7/16/2019 16:56:00 | T15: 19.55 | U15: 7/16/2019 16:56:00 | V15: 5.13 | W15: 7/16/2019 16:56:00 | X15: 110.4 | Y15: 7/16/2019 16:56:00 | Z15: 27.82 | AA15: 7/16/2019 16:56:00 | AB15: 25.35 | AC15: 7/16/2019 16:56:00 | AD15: 20.05 | AE15: 7/16/2019 16:56:00 | AF15: 34.49 | AG15: 7/16/2019 16:56:00 | AH15: 53.05 | AI15: 7/16/2019 16:56:00 | AJ15: 46.17 | AK15: 7/16/2019 16:56:00 | AL15: 6.98 | AM15: 7/16/2019 16:56:00 | AN15: 91 | AO15: 7/16/2019 16:56:00 | AP15: 118.35 | AQ15: 7/16/2019 16:56:00 | AR15: 11.68 | AS15: 7/16/2019 16:56:00 | AT15: 1266.99 | AU15: 7/16/2019 16:56:00 | AV15: 141.82 | AW15: 7/16/2019 16:56:00 | AX15: 119.5 | AY15: 7/16/2019 16:56:00 | AZ15: 3.71 | BA15: 7/16/2019 16:56:00 | BB15: 156.38 | BC15: 7/16/2019 16:56:00 | BD15: 17.3 | BE15: 7/16/2019 16:56:00 | BF15: 11.93 | BG15: 7/16/2019 16:56:00 | BH15: 38.04 | BI15: 7/16/2019 16:56:00 | BJ15: 152.5 | BK15: 7/16/2019 16:56:00 | BL15: 22.51 | BM15: 7/16/2019 16:56:00 | BN15: 41 | BO15: 7/16/2019 16:56:00 | BP15: 27.83 | BQ15: 7/16/2019 16:56:00 | BR15: 18.3 | BS15: 7/16/2019 16:56:00 | BT15: 12.64 | BU15: 7/16/2019 16:56:00 | BV15: 103775,41 | BW15: 7/16/2019 16:56:00 | BX15: 29,24
B16: 16 | C16: 7/17/2019 16:56:00 | D16: 18.16 | E16: 7/17/2019 16:56:00 | F16: 33.81 | G16: 7/17/2019 16:56:00 | H16: 46.7 | I16: 7/17/2019 16:56:00 | J16: 13.5 | K16: 7/17/2019 16:56:00 | L16: 19.25 | M16: 7/17/2019 16:56:00 | N16: 12.93 | O16: 7/17/2019 16:56:00 | P16: 31 | Q16: 7/17/2019 16:56:00 | R16: 25.35 | S16: 7/17/2019 16:56:00 | T16: 19.32 | U16: 7/17/2019 16:56:00 | V16: 5.15 | W16: 7/17/2019 16:56:00 | X16: 111.39 | Y16: 7/17/2019 16:56:00 | Z16: 27.88 | AA16: 7/17/2019 16:56:00 | AB16: 25.4 | AC16: 7/17/2019 16:56:00 | AD16: 19.8 | AE16: 7/17/2019 16:56:00 | AF16: 34.45 | AG16: 7/17/2019 16:56:00 | AH16: 52.69 | AI16: 7/17/2019 16:56:00 | AJ16: 46.65 | AK16: 7/17/2019 16:56:00 | AL16: 7.16 | AM16: 7/17/2019 16:56:00 | AN16: 92 | AO16: 7/17/2019 16:56:00 | AP16: 118 | AQ16: 7/17/2019 16:56:00 | AR16: 11.74 | AS16: 7/17/2019 16:56:00 | AT16: 1250 | AU16: 7/17/2019 16:56:00 | AV16: 143 | AW16: 7/17/2019 16:56:00 | AX16: 119.18 | AY16: 7/17/2019 16:56:00 | AZ16: 3.9 | BA16: 7/17/2019 16:56:00 | BB16: 155.9 | BC16: 7/17/2019 16:56:00 | BD16: 17.27 | BE16: 7/17/2019 16:56:00 | BF16: 12.28 | BG16: 7/17/2019 16:56:00 | BH16: 37.85 | BI16: 7/17/2019 16:56:00 | BJ16: 152.45 | BK16: 7/17/2019 16:56:00 | BL16: 22.53 | BM16: 7/17/2019 16:56:00 | BN16: 41.29 | BO16: 7/17/2019 16:56:00 | BP16: 27.68 | BQ16: 7/17/2019 16:56:00 | BR16: 18.23 | BS16: 7/17/2019 16:56:00 | BT16: 12.69 | BU16: 7/17/2019 16:56:00 | BV16: 103855,53 | BW16: 7/17/2019 16:56:00 | BX16: 28,9
B17: 17 | C17: 7/18/2019 16:56:00 | D17: 18.4 | E17: 7/18/2019 16:56:00 | F17: 33.6 | G17: 7/18/2019 16:56:00 | H17: 46.74 | I17: 7/18/2019 16:56:00 | J17: 13.59 | K17: 7/18/2019 16:56:00 | L17: 19.24 | M17: 7/18/2019 16:56:00 | N17: 13.21 | O17: 7/18/2019 16:56:00 | P17: 31.73 | Q17: 7/18/2019 16:56:00 | R17: 25.18 | S17: 7/18/2019 16:56:00 | T17: 19.87 | U17: 7/18/2019 16:56:00 | V17: 5.23 | W17: 7/18/2019 16:56:00 | X17: 111.36 | Y17: 7/18/2019 16:56:00 | Z17: 28.15 | AA17: 7/18/2019 16:56:00 | AB17: 25.65 | AC17: 7/18/2019 16:56:00 | AD17: 19.79 | AE17: 7/18/2019 16:56:00 | AF17: 34.69 | AG17: 7/18/2019 16:56:00 | AH17: 52.59 | AI17: 7/18/2019 16:56:00 | AJ17: 45.74 | AK17: 7/18/2019 16:56:00 | AL17: 7.46 | AM17: 7/18/2019 16:56:00 | AN17: 91.8 | AO17: 7/18/2019 16:56:00 | AP17: 118.5 | AQ17: 7/18/2019 16:56:00 | AR17: 11.74 | AS17: 7/18/2019 16:56:00 | AT17: 1247 | AU17: 7/18/2019 16:56:00 | AV17: 142.5 | AW17: 7/18/2019 16:56:00 | AX17: 119.16 | AY17: 7/18/2019 16:56:00 | AZ17: 3.89 | BA17: 7/18/2019 16:56:00 | BB17: 155.81 | BC17: 7/18/2019 16:56:00 | BD17: 17.33 | BE17: 7/18/2019 16:56:00 | BF17: 13.23 | BG17: 7/18/2019 16:56:00 | BH17: 38.01 | BI17: 7/18/2019 16:56:00 | BJ17: 152.5 | BK17: 7/18/2019 16:56:00 | BL17: 22.75 | BM17: 7/18/2019 16:56:00 | BN17: 41.03 | BO17: 7/18/2019 16:56:00 | BP17: 27.51 | BQ17: 7/18/2019 16:56:00 | BR17: 18.17 | BS17: 7/18/2019 16:56:00 | BT17: 12.83 | BU17: 7/18/2019 16:56:00 | BV17: 104716,59 | BW17: 7/18/2019 16:56:00 | BX17: 29,2
B18: 18 | C18: 7/19/2019 16:56:00 | D18: 18.29 | E18: 7/19/2019 16:56:00 | F18: 32.7 | G18: 7/19/2019 16:56:00 | H18: 46.9 | I18: 7/19/2019 16:56:00 | J18: 13.38 | K18: 7/19/2019 16:56:00 | L18: 19.19 | M18: 7/19/2019 16:56:00 | N18: 13.05 | O18: 7/19/2019 16:56:00 | P18: 31.11 | Q18: 7/19/2019 16:56:00 | R18: 24.8 | S18: 7/19/2019 16:56:00 | T18: 19.02 | U18: 7/19/2019 16:56:00 | V18: 5.22 | W18: 7/19/2019 16:56:00 | X18: 109 | Y18: 7/19/2019 16:56:00 | Z18: 28.17 | AA18: 7/19/2019 16:56:00 | AB18: 25.6 | AC18: 7/19/2019 16:56:00 | AD18: 19.67 | AE18: 7/19/2019 16:56:00 | AF18: 34.64 | AG18: 7/19/2019 16:56:00 | AH18: 52.72 | AI18: 7/19/2019 16:56:00 | AJ18: 45.37 | AK18: 7/19/2019 16:56:00 | AL18: 7.35 | AM18: 7/19/2019 16:56:00 | AN18: 92.8 | AO18: 7/19/2019 16:56:00 | AP18: 118 | AQ18: 7/19/2019 16:56:00 | AR18: 11.75 | AS18: 7/19/2019 16:56:00 | AT18: 1250.1 | AU18: 7/19/2019 16:56:00 | AV18: 144 | AW18: 7/19/2019 16:56:00 | AX18: 119 | AY18: 7/19/2019 16:56:00 | AZ18: 3.9 | BA18: 7/19/2019 16:56:00 | BB18: 154.51 | BC18: 7/19/2019 16:56:00 | BD18: 16.97 | BE18: 7/19/2019 16:56:00 | BF18: 14.1 | BG18: 7/19/2019 16:56:00 | BH18: 38.65 | BI18: 7/19/2019 16:56:00 | BJ18: 152.4 | BK18: 7/19/2019 16:56:00 | BL18: 22.79 | BM18: 7/19/2019 16:56:00 | BN18: 40.38 | BO18: 7/19/2019 16:56:00 | BP18: 27.44 | BQ18: 7/19/2019 16:56:00 | BR18: 17.9 | BS18: 7/19/2019 16:56:00 | BT18: 12.59 | BU18: 7/19/2019 16:56:00 | BV18: 103451,93 | BW18: 7/19/2019 16:56:00 | BX18: 28,57
B19: 19 | C19: 7/22/2019 16:56:00 | D19: 18.44 | E19: 7/22/2019 16:56:00 | F19: 33.12 | G19: 7/22/2019 16:56:00 | H19: 47.05 | I19: 7/22/2019 16:56:00 | J19: 13.46 | K19: 7/22/2019 16:56:00 | L19: 19.62 | M19: 7/22/2019 16:56:00 | N19: 13.25 | O19: 7/22/2019 16:56:00 | P19: 31.55 | Q19: 7/22/2019 16:56:00 | R19: 24.84 | S19: 7/22/2019 16:56:00 | T19: 18.47 | U19: 7/22/2019 16:56:00 | V19: 5.22 | W19: 7/22/2019 16:56:00 | X19: 109.2 | Y19: 7/22/2019 16:56:00 | Z19: 28.42 | AA19: 7/22/2019 16:56:00 | AB19: 26.11 | AC19: 7/22/2019 16:56:00 | AD19: 19.74 | AE19: 7/22/2019 16:56:00 | AF19: 34.69 | AG19: 7/22/2019 16:56:00 | AH19: 52.45 | AI19: 7/22/2019 16:56:00 | AJ19: 45.28 | AK19: 7/22/2019 16:56:00 | AL19: 7.28 | AM19: 7/22/2019 16:56:00 | AN19: 92.3 | AO19: 7/22/2019 16:56:00 | AP19: 118.53 | AQ19: 7/22/2019 16:56:00 | AR19: 11.82 | AS19: 7/22/2019 16:56:00 | AT19: 1230 | AU19: 7/22/2019 16:56:00 | AV19: 144.1 | AW19: 7/22/2019 16:56:00 | AX19: 119.03 | AY19: 7/22/2019 16:56:00 | AZ19: 3.95 | BA19: 7/22/2019 16:56:00 | BB19: 157.1 | BC19: 7/22/2019 16:56:00 | BD19: 16.96 | BE19: 7/22/2019 16:56:00 | BF19: 13.27 | BG19: 7/22/2019 16:56:00 | BH19: 39 | BI19: 7/22/2019 16:56:00 | BJ19: 152.4 | BK19: 7/22/2019 16:56:00 | BL19: 22.6 | BM19: 7/22/2019 16:56:00 | BN19: 41.35 | BO19: 7/22/2019 16:56:00 | BP19: 27.49 | BQ19: 7/22/2019 16:56:00 | BR19: 17.92 | BS19: 7/22/2019 16:56:00 | BT19: 12.65 | BU19: 7/22/2019 16:56:00 | BV19: 103949,46 | BW19: 7/22/2019 16:56:00 | BX19: 28,7
B20: 20 | C20: 7/23/2019 16:56:00 | D20: 18.51 | E20: 7/23/2019 16:56:00 | F20: 32.87 | G20: 7/23/2019 16:56:00 | H20: 46.6 | I20: 7/23/2019 16:56:00 | J20: 13.5 | K20: 7/23/2019 16:56:00 | L20: 19.67 | M20: 7/23/2019 16:56:00 | N20: 13.32 | O20: 7/23/2019 16:56:00 | P20: 31.57 | Q20: 7/23/2019 16:56:00 | R20: 24.9 | S20: 7/23/2019 16:56:00 | T20: 18.73 | U20: 7/23/2019 16:56:00 | V20: 5.27 | W20: 7/23/2019 16:56:00 | X20: 109 | Y20: 7/23/2019 16:56:00 | Z20: 28.43 | AA20: 7/23/2019 16:56:00 | AB20: 26.07 | AC20: 7/23/2019 16:56:00 | AD20: 19.82 | AE20: 7/23/2019 16:56:00 | AF20: 34.3 | AG20: 7/23/2019 16:56:00 | AH20: 51.76 | AI20: 7/23/2019 16:56:00 | AJ20: 46.39 | AK20: 7/23/2019 16:56:00 | AL20: 7.2 | AM20: 7/23/2019 16:56:00 | AN20: 93.3 | AO20: 7/23/2019 16:56:00 | AP20: 119.71 | AQ20: 7/23/2019 16:56:00 | AR20: 11.79 | AS20: 7/23/2019 16:56:00 | AT20: 1231 | AU20: 7/23/2019 16:56:00 | AV20: 143.88 | AW20: 7/23/2019 16:56:00 | AX20: 119.35 | AY20: 7/23/2019 16:56:00 | AZ20: 3.99 | BA20: 7/23/2019 16:56:00 | BB20: 158.19 | BC20: 7/23/2019 16:56:00 | BD20: 16.92 | BE20: 7/23/2019 16:56:00 | BF20: 13.08 | BG20: 7/23/2019 16:56:00 | BH20: 38.31 | BI20: 7/23/2019 16:56:00 | BJ20: 152.2 | BK20: 7/23/2019 16:56:00 | BL20: 22.58 | BM20: 7/23/2019 16:56:00 | BN20: 40.75 | BO20: 7/23/2019 16:56:00 | BP20: 27.52 | BQ20: 7/23/2019 16:56:00 | BR20: 17.9 | BS20: 7/23/2019 16:56:00 | BT20: 12.73 | BU20: 7/23/2019 16:56:00 | BV20: 103704,28 | BW20: 7/23/2019 16:56:00 | BX20: 28,3
B21: 21 | C21: 7/24/2019 16:56:00 | D21: 18.67 | E21: 7/24/2019 16:56:00 | F21: 32.53 | G21: 7/24/2019 16:56:00 | H21: 46.95 | I21: 7/24/2019 16:56:00 | J21: 13.16 | K21: 7/24/2019 16:56:00 | L21: 19.55 | M21: 7/24/2019 16:56:00 | N21: 13.3 | O21: 7/24/2019 16:56:00 | P21: 31.68 | Q21: 7/24/2019 16:56:00 | R21: 24.76 | S21: 7/24/2019 16:56:00 | T21: 18.8 | U21: 7/24/2019 16:56:00 | V21: 5.17 | W21: 7/24/2019 16:56:00 | X21: 105.01 | Y21: 7/24/2019 16:56:00 | Z21: 28.38 | AA21: 7/24/2019 16:56:00 | AB21: 25.95 | AC21: 7/24/2019 16:56:00 | AD21: 20.05 | AE21: 7/24/2019 16:56:00 | AF21: 34.7 | AG21: 7/24/2019 16:56:00 | AH21: 50.65 | AI21: 7/24/2019 16:56:00 | AJ21: 45.4 | AK21: 7/24/2019 16:56:00 | AL21: 7.08 | AM21: 7/24/2019 16:56:00 | AN21: 92.78 | AO21: 7/24/2019 16:56:00 | AP21: 119.29 | AQ21: 7/24/2019 16:56:00 | AR21: 11.78 | AS21: 7/24/2019 16:56:00 | AT21: 1235 | AU21: 7/24/2019 16:56:00 | AV21: 143.28 | AW21: 7/24/2019 16:56:00 | AX21: 119.68 | AY21: 7/24/2019 16:56:00 | AZ21: 4.25 | BA21: 7/24/2019 16:56:00 | BB21: 158.59 | BC21: 7/24/2019 16:56:00 | BD21: 16.67 | BE21: 7/24/2019 16:56:00 | BF21: 12.73 | BG21: 7/24/2019 16:56:00 | BH21: 38.68 | BI21: 7/24/2019 16:56:00 | BJ21: 152.46 | BK21: 7/24/2019 16:56:00 | BL21: 23 | BM21: 7/24/2019 16:56:00 | BN21: 42.53 | BO21: 7/24/2019 16:56:00 | BP21: 27.35 | BQ21: 7/24/2019 16:56:00 | BR21: 18.27 | BS21: 7/24/2019 16:56:00 | BT21: 12.65 | BU21: 7/24/2019 16:56:00 | BV21: 104119,54 | BW21: 7/24/2019 16:56:00 | BX21: 27,5
B22: 22 | C22: 7/25/2019 16:56:00 | D22: 18.16 | E22: 7/25/2019 16:56:00 | F22: 32.49 | G22: 7/25/2019 16:56:00 | H22: 46.73 | I22: 7/25/2019 16:56:00 | J22: 13.12 | K22: 7/25/2019 16:56:00 | L22: 19.07 | M22: 7/25/2019 16:56:00 | N22: 12.9 | O22: 7/25/2019 16:56:00 | P22: 30.74 | Q22: 7/25/2019 16:56:00 | R22: 24.9 | S22: 7/25/2019 16:56:00 | T22: 18.6 | U22: 7/25/2019 16:56:00 | V22: 5.18 | W22: 7/25/2019 16:56:00 | X22: 108.19 | Y22: 7/25/2019 16:56:00 | Z22: 28.1 | AA22: 7/25/2019 16:56:00 | AB22: 25.7 | AC22: 7/25/2019 16:56:00 | AD22: 20.04 | AE22: 7/25/2019 16:56:00 | AF22: 34.1 | AG22: 7/25/2019 16:56:00 | AH22: 50.49 | AI22: 7/25/2019 16:56:00 | AJ22: 44.96 | AK22: 7/25/2019 16:56:00 | AL22: 7 | AM22: 7/25/2019 16:56:00 | AN22: 93.5 | AO22: 7/25/2019 16:56:00 | AP22: 117.42 | AQ22: 7/25/2019 16:56:00 | AR22: 11.77 | AS22: 7/25/2019 16:56:00 | AT22: 1230 | AU22: 7/25/2019 16:56:00 | AV22: 141.98 | AW22: 7/25/2019 16:56:00 | AX22: 119.89 | AY22: 7/25/2019 16:56:00 | AZ22: 4.2 | BA22: 7/25/2019 16:56:00 | BB22: 158.7 | BC22: 7/25/2019 16:56:00 | BD22: 16.49 | BE22: 7/25/2019 16:56:00 | BF22: 13 | BG22: 7/25/2019 16:56:00 | BH22: 38.4 | BI22: 7/25/2019 16:56:00 | BJ22: 150.01 | BK22: 7/25/2019 16:56:00 | BL22: 22.79 | BM22: 7/25/2019 16:56:00 | BN22: 41.9 | BO22: 7/25/2019 16:56:00 | BP22: 26.89 | BQ22: 7/25/2019 16:56:00 | BR22: 17.8 | BS22: 7/25/2019 16:56:00 | BT22: 12.64 | BU22: 7/25/2019 16:56:00 | BV22: 102654,58 | BW22: 7/25/2019 16:56:00 | BX22: 27,37
B23: 23 | C23: 7/26/2019 16:56:00 | D23: 18.3 | E23: 7/26/2019 16:56:00 | F23: 32.6 | G23: 7/26/2019 16:56:00 | H23: 47.81 | I23: 7/26/2019 16:56:00 | J23: 12.99 | K23: 7/26/2019 16:56:00 | L23: 19.26 | M23: 7/26/2019 16:56:00 | N23: 13.01 | O23: 7/26/2019 16:56:00 | P23: 31.1 | Q23: 7/26/2019 16:56:00 | R23: 24.8 | S23: 7/26/2019 16:56:00 | T23: 19.33 | U23: 7/26/2019 16:56:00 | V23: 5.2 | W23: 7/26/2019 16:56:00 | X23: 110 | Y23: 7/26/2019 16:56:00 | Z23: 27.88 | AA23: 7/26/2019 16:56:00 | AB23: 24.75 | AC23: 7/26/2019 16:56:00 | AD23: 19.9 | AE23: 7/26/2019 16:56:00 | AF23: 33.86 | AG23: 7/26/2019 16:56:00 | AH23: 50.23 | AI23: 7/26/2019 16:56:00 | AJ23: 44.7 | AK23: 7/26/2019 16:56:00 | AL23: 6.95 | AM23: 7/26/2019 16:56:00 | AN23: 93.9 | AO23: 7/26/2019 16:56:00 | AP23: 118.23 | AQ23: 7/26/2019 16:56:00 | AR23: 11.81 | AS23: 7/26/2019 16:56:00 | AT23: 1230.5 | AU23: 7/26/2019 16:56:00 | AV23: 143.12 | AW23: 7/26/2019 16:56:00 | AX23: 120 | AY23: 7/26/2019 16:56:00 | AZ23: 4.03 | BA23: 7/26/2019 16:56:00 | BB23: 158.9 | BC23: 7/26/2019 16:56:00 | BD23: 16.39 | BE23: 7/26/2019 16:56:00 | BF23: 13.08 | BG23: 7/26/2019 16:56:00 | BH23: 38.05 | BI23: 7/26/2019 16:56:00 | BJ23: 152 | BK23: 7/26/2019 16:56:00 | BL23: 23.36 | BM23: 7/26/2019 16:56:00 | BN23: 42.14 | BO23: 7/26/2019 16:56:00 | BP23: 26.14 | BQ23: 7/26/2019 16:56:00 | BR23: 17.76 | BS23: 7/26/2019 16:56:00 | BT23: 12.6 | BU23: 7/26/2019 16:56:00 | BV23: 102818,93 | BW23: 7/26/2019 16:56:00 | BX23: 28
B24: 24 | C24: 7/29/2019 16:56:00 | D24: 18.3 | E24: 7/29/2019 16:56:00 | F24: 32.61 | G24: 7/29/2019 16:56:00 | H24: 48.53 | I24: 7/29/2019 16:56:00 | J24: 12.79 | K24: 7/29/2019 16:56:00 | L24: 19.3 | M24: 7/29/2019 16:56:00 | N24: 12.99 | O24: 7/29/2019 16:56:00 | P24: 31.12 | Q24: 7/29/2019 16:56:00 | R24: 24.81 | S24: 7/29/2019 16:56:00 | T24: 19.59 | U24: 7/29/2019 16:56:00 | V24: 5.18 | W24: 7/29/2019 16:56:00 | X24: 110.4 | Y24: 7/29/2019 16:56:00 | Z24: 27.68 | AA24: 7/29/2019 16:56:00 | AB24: 24.46 | AC24: 7/29/2019 16:56:00 | AD24: 19.99 | AE24: 7/29/2019 16:56:00 | AF24: 33.36 | AG24: 7/29/2019 16:56:00 | AH24: 50.26 | AI24: 7/29/2019 16:56:00 | AJ24: 44.27 | AK24: 7/29/2019 16:56:00 | AL24: 6.82 | AM24: 7/29/2019 16:56:00 | AN24: 94 | AO24: 7/29/2019 16:56:00 | AP24: 116.9 | AQ24: 7/29/2019 16:56:00 | AR24: 11.84 | AS24: 7/29/2019 16:56:00 | AT24: 1225.01 | AU24: 7/29/2019 16:56:00 | AV24: 144 | AW24: 7/29/2019 16:56:00 | AX24: 120.37 | AY24: 7/29/2019 16:56:00 | AZ24: 4.15 | BA24: 7/29/2019 16:56:00 | BB24: 159.75 | BC24: 7/29/2019 16:56:00 | BD24: 16.62 | BE24: 7/29/2019 16:56:00 | BF24: 12.92 | BG24: 7/29/2019 16:56:00 | BH24: 39.08 | BI24: 7/29/2019 16:56:00 | BJ24: 152.65 | BK24: 7/29/2019 16:56:00 | BL24: 23.58 | BM24: 7/29/2019 16:56:00 | BN24: 42.62 | BO24: 7/29/2019 16:56:00 | BP24: 26.38 | BQ24: 7/29/2019 16:56:00 | BR24: 17.66 | BS24: 7/29/2019 16:56:00 | BT24: 12.55 | BU24: 7/29/2019 16:56:00 | BV24: 103482,63 | BW24: 7/29/2019 16:56:00 | BX24: 28,72
B25: 25 | C25: 7/30/2019 16:56:00 | D25: 18.26 | E25: 7/30/2019 16:56:00 | F25: 32.52 | G25: 7/30/2019 16:56:00 | H25: 48.85 | I25: 7/30/2019 16:56:00 | J25: 13.22 | K25: 7/30/2019 16:56:00 | L25: 19.28 | M25: 7/30/2019 16:56:00 | N25: 12.78 | O25: 7/30/2019 16:56:00 | P25: 30.37 | Q25: 7/30/2019 16:56:00 | R25: 24.8 | S25: 7/30/2019 16:56:00 | T25: 20.06 | U25: 7/30/2019 16:56:00 | V25: 5.3 | W25: 7/30/2019 16:56:00 | X25: 112.1 | Y25: 7/30/2019 16:56:00 | Z25: 27.97 | AA25: 7/30/2019 16:56:00 | AB25: 24.5 | AC25: 7/30/2019 16:56:00 | AD25: 20.11 | AE25: 7/30/2019 16:56:00 | AF25: 33.75 | AG25: 7/30/2019 16:56:00 | AH25: 50.01 | AI25: 7/30/2019 16:56:00 | AJ25: 44.2 | AK25: 7/30/2019 16:56:00 | AL25: 6.99 | AM25: 7/30/2019 16:56:00 | AN25: 94.5 | AO25: 7/30/2019 16:56:00 | AP25: 115.95 | AQ25: 7/30/2019 16:56:00 | AR25: 11.93 | AS25: 7/30/2019 16:56:00 | AT25: 1224.5 | AU25: 7/30/2019 16:56:00 | AV25: 144.32 | AW25: 7/30/2019 16:56:00 | AX25: 120.45 | AY25: 7/30/2019 16:56:00 | AZ25: 4.14 | BA25: 7/30/2019 16:56:00 | BB25: 159.8 | BC25: 7/30/2019 16:56:00 | BD25: 16.66 | BE25: 7/30/2019 16:56:00 | BF25: 12.65 | BG25: 7/30/2019 16:56:00 | BH25: 39.48 | BI25: 7/30/2019 16:56:00 | BJ25: 152.85 | BK25: 7/30/2019 16:56:00 | BL25: 24 | BM25: 7/30/2019 16:56:00 | BN25: 43.13 | BO25: 7/30/2019 16:56:00 | BP25: 26.24 | BQ25: 7/30/2019 16:56:00 | BR25: 17.84 | BS25: 7/30/2019 16:56:00 | BT25: 12.79 | BU25: 7/30/2019 16:56:00 | BV25: 102932,76 | BW25: 7/30/2019 16:56:00 | BX25: 28,67
B26: 26 | C26: 7/31/2019 16:56:00 | D26: 17.93 | E26: 7/31/2019 16:56:00 | F26: 32.45 | G26: 7/31/2019 16:56:00 | H26: 48.27 | I26: 7/31/2019 16:56:00 | J26: 13.25 | K26: 7/31/2019 16:56:00 | L26: 19.29 | M26: 7/31/2019 16:56:00 | N26: 12.47 | O26: 7/31/2019 16:56:00 | P26: 29.9 | Q26: 7/31/2019 16:56:00 | R26: 24.63 | S26: 7/31/2019 16:56:00 | T26: 20.28 | U26: 7/31/2019 16:56:00 | V26: 5.31 | W26: 7/31/2019 16:56:00 | X26: 114 | Y26: 7/31/2019 16:56:00 | Z26: 27.82 | AA26: 7/31/2019 16:56:00 | AB26: 24.2 | AC26: 7/31/2019 16:56:00 | AD26: 19.21 | AE26: 7/31/2019 16:56:00 | AF26: 33.71 | AG26: 7/31/2019 16:56:00 | AH26: 49.81 | AI26: 7/31/2019 16:56:00 | AJ26: 45 | AK26: 7/31/2019 16:56:00 | AL26: 7.1 | AM26: 7/31/2019 16:56:00 | AN26: 96.99 | AO26: 7/31/2019 16:56:00 | AP26: 116.05 | AQ26: 7/31/2019 16:56:00 | AR26: 11.96 | AS26: 7/31/2019 16:56:00 | AT26: 1235 | AU26: 7/31/2019 16:56:00 | AV26: 144.9 | AW26: 7/31/2019 16:56:00 | AX26: 121.87 | AY26: 7/31/2019 16:56:00 | AZ26: 4.25 | BA26: 7/31/2019 16:56:00 | BB26: 159.85 | BC26: 7/31/2019 16:56:00 | BD26: 16.67 | BE26: 7/31/2019 16:56:00 | BF26: 12.58 | BG26: 7/31/2019 16:56:00 | BH26: 39.13 | BI26: 7/31/2019 16:56:00 | BJ26: 153.49 | BK26: 7/31/2019 16:56:00 | BL26: 23.82 | BM26: 7/31/2019 16:56:00 | BN26: 42.19 | BO26: 7/31/2019 16:56:00 | BP26: 26.08 | BQ26: 7/31/2019 16:56:00 | BR26: 17.6 | BS26: 7/31/2019 16:56:00 | BT26: 12.79 | BU26: 7/31/2019 16:56:00 | BV26: 101812,13 | BW26: 7/31/2019 16:56:00 | BX26: 28,99
B27: 27 | C27: 8/1/2019 16:56:00 | D27: 17.7 | E27: 8/1/2019 16:56:00 | F27: 32.18 | G27: 8/1/2019 16:56:00 | H27: 48.1 | I27: 8/1/2019 16:56:00 | J27: 12.7 | K27: 8/1/2019 16:56:00 | L27: 19.6 | M27: 8/1/2019 16:56:00 | N27: 12.55 | O27: 8/1/2019 16:56:00 | P27: 29.99 | Q27: 8/1/2019 16:56:00 | R27: 24.64 | S27: 8/1/2019 16:56:00 | T27: 20.95 | U27: 8/1/2019 16:56:00 | V27: 5.36 | W27: 8/1/2019 16:56:00 | X27: 114 | Y27: 8/1/2019 16:56:00 | Z27: 28.31 | AA27: 8/1/2019 16:56:00 | AB27: 24.55 | AC27: 8/1/2019 16:56:00 | AD27: 18.56 | AE27: 8/1/2019 16:56:00 | AF27: 33 | AG27: 8/1/2019 16:56:00 | AH27: 48.4 | AI27: 8/1/2019 16:56:00 | AJ27: 45.01 | AK27: 8/1/2019 16:56:00 | AL27: 7.06 | AM27: 8/1/2019 16:56:00 | AN27: 97.11 | AO27: 8/1/2019 16:56:00 | AP27: 116 | AQ27: 8/1/2019 16:56:00 | AR27: 11.79 | AS27: 8/1/2019 16:56:00 | AT27: 1234 | AU27: 8/1/2019 16:56:00 | AV27: 144 | AW27: 8/1/2019 16:56:00 | AX27: 120.1 | AY27: 8/1/2019 16:56:00 | AZ27: 4.28 | BA27: 8/1/2019 16:56:00 | BB27: 154.98 | BC27: 8/1/2019 16:56:00 | BD27: 17.33 | BE27: 8/1/2019 16:56:00 | BF27: 12.88 | BG27: 8/1/2019 16:56:00 | BH27: 39.52 | BI27: 8/1/2019 16:56:00 | BJ27: 152.78 | BK27: 8/1/2019 16:56:00 | BL27: 23.43 | BM27: 8/1/2019 16:56:00 | BN27: 42.85 | BO27: 8/1/2019 16:56:00 | BP27: 26.25 | BQ27: 8/1/2019 16:56:00 | BR27: 17.15 | BS27: 8/1/2019 16:56:00 | BT27: 12.74 | BU27: 8/1/2019 16:56:00 | BV27: 102125,94 | BW27: 8/1/2019 16:56:00 | BX27: 29,03
B28: 28 | C28: 8/2/2019 16:56:00 | D28: 17.86 | E28: 8/2/2019 16:56:00 | F28: 32.4 | G28: 8/2/2019 16:56:00 | H28: 48.33 | I28: 8/2/2019 16:56:00 | J28: 12.62 | K28: 8/2/2019 16:56:00 | L28: 19.85 | M28: 8/2/2019 16:56:00 | N28: 12.46 | O28: 8/2/2019 16:56:00 | P28: 29.96 | Q28: 8/2/2019 16:56:00 | R28: 24.6 | S28: 8/2/2019 16:56:00 | T28: 20.9 | U28: 8/2/2019 16:56:00 | V28: 5.24 | W28: 8/2/2019 16:56:00 | X28: 116 | Y28: 8/2/2019 16:56:00 | Z28: 28.3 | AA28: 8/2/2019 16:56:00 | AB28: 24.74 | AC28: 8/2/2019 16:56:00 | AD28: 18.46 | AE28: 8/2/2019 16:56:00 | AF28: 32.6 | AG28: 8/2/2019 16:56:00 | AH28: 47.84 | AI28: 8/2/2019 16:56:00 | AJ28: 45.59 | AK28: 8/2/2019 16:56:00 | AL28: 6.97 | AM28: 8/2/2019 16:56:00 | AN28: 98.6 | AO28: 8/2/2019 16:56:00 | AP28: 115.78 | AQ28: 8/2/2019 16:56:00 | AR28: 11.77 | AS28: 8/2/2019 16:56:00 | AT28: 1237 | AU28: 8/2/2019 16:56:00 | AV28: 142 | AW28: 8/2/2019 16:56:00 | AX28: 120.01 | AY28: 8/2/2019 16:56:00 | AZ28: 4.28 | BA28: 8/2/2019 16:56:00 | BB28: 154.02 | BC28: 8/2/2019 16:56:00 | BD28: 17.13 | BE28: 8/2/2019 16:56:00 | BF28: 12.94 | BG28: 8/2/2019 16:56:00 | BH28: 39.6 | BI28: 8/2/2019 16:56:00 | BJ28: 154.1 | BK28: 8/2/2019 16:56:00 | BL28: 23.74 | BM28: 8/2/2019 16:56:00 | BN28: 43.12 | BO28: 8/2/2019 16:56:00 | BP28: 26.52 | BQ28: 8/2/2019 16:56:00 | BR28: 17.8 | BS28: 8/2/2019 16:56:00 | BT28: 12.79 | BU28: 8/2/2019 16:56:00 | BV28: 102673,68 | BW28: 8/2/2019 16:56:00 | BX28: 29,1
B29: 29 | C29: 8/5/2019 16:56:00 | D29: 18.25 | E29: 8/5/2019 16:56:00 | F29: 31.59 | G29: 8/5/2019 16:56:00 | H29: 47.4 | I29: 8/5/2019 16:56:00 | J29: 12.22 | K29: 8/5/2019 16:56:00 | L29: 19.76 | M29: 8/5/2019 16:56:00 | N29: 12.26 | O29: 8/5/2019 16:56:00 | P29: 29.67 | Q29: 8/5/2019 16:56:00 | R29: 24.51 | S29: 8/5/2019 16:56:00 | T29: 20.37 | U29: 8/5/2019 16:56:00 | V29: 5.27 | W29: 8/5/2019 16:56:00 | X29: 115.5 | Y29: 8/5/2019 16:56:00 | Z29: 28.01 | AA29: 8/5/2019 16:56:00 | AB29: 23.97 | AC29: 8/5/2019 16:56:00 | AD29: 18.63 | AE29: 8/5/2019 16:56:00 | AF29: 31.5 | AG29: 8/5/2019 16:56:00 | AH29: 46 | AI29: 8/5/2019 16:56:00 | AJ29: 44.01 | AK29: 8/5/2019 16:56:00 | AL29: 6.91 | AM29: 8/5/2019 16:56:00 | AN29: 98.51 | AO29: 8/5/2019 16:56:00 | AP29: 116.16 | AQ29: 8/5/2019 16:56:00 | AR29: 11.6 | AS29: 8/5/2019 16:56:00 | AT29: 1235.98 | AU29: 8/5/2019 16:56:00 | AV29: 141.5 | AW29: 8/5/2019 16:56:00 | AX29: 119.93 | AY29: 8/5/2019 16:56:00 | AZ29: 4.23 | BA29: 8/5/2019 16:56:00 | BB29: 153.8 | BC29: 8/5/2019 16:56:00 | BD29: 17 | BE29: 8/5/2019 16:56:00 | BF29: 12.75 | BG29: 8/5/2019 16:56:00 | BH29: 38.8 | BI29: 8/5/2019 16:56:00 | BJ29: 153.8 | BK29: 8/5/2019 16:56:00 | BL29: 23.3 | BM29: 8/5/2019 16:56:00 | BN29: 41.47 | BO29: 8/5/2019 16:56:00 | BP29: 25.55 | BQ29: 8/5/2019 16:56:00 | BR29: 17.62 | BS29: 8/5/2019 16:56:00 | BT29: 12.53 | BU29: 8/5/2019 16:56:00 | BV29: 100097,75 | BW29: 8/5/2019 16:56:00 | BX29: 28,85
B30: 30 | C30: 8/6/2019 16:56:00 | D30: 19.12 | E30: 8/6/2019 16:56:00 | F30: 32.36 | G30: 8/6/2019 16:56:00 | H30: 48.5 | I30: 8/6/2019 16:56:00 | J30: 12.15 | K30: 8/6/2019 16:56:00 | L30: 20.3 | M30: 8/6/2019 16:56:00 | N30: 12.66 | O30: 8/6/2019 16:56:00 | P30: 30.6 | Q30: 8/6/2019 16:56:00 | R30: 24.75 | S30: 8/6/2019 16:56:00 | T30: 21.35 | U30: 8/6/2019 16:56:00 | V30: 5.33 | W30: 8/6/2019 16:56:00 | X30: 113 | Y30: 8/6/2019 16:56:00 | Z30: 28.79 | AA30: 8/6/2019 16:56:00 | AB30: 24.32 | AC30: 8/6/2019 16:56:00 | AD30: 18.58 | AE30: 8/6/2019 16:56:00 | AF30: 31.61 | AG30: 8/6/2019 16:56:00 | AH30: 46.62 | AI30: 8/6/2019 16:56:00 | AJ30: 44.59 | AK30: 8/6/2019 16:56:00 | AL30: 7.25 | AM30: 8/6/2019 16:56:00 | AN30: 98.85 | AO30: 8/6/2019 16:56:00 | AP30: 116.25 | AQ30: 8/6/2019 16:56:00 | AR30: 11.31 | AS30: 8/6/2019 16:56:00 | AT30: 1230.15 | AU30: 8/6/2019 16:56:00 | AV30: 141.05 | AW30: 8/6/2019 16:56:00 | AX30: 120 | AY30: 8/6/2019 16:56:00 | AZ30: 4.22 | BA30: 8/6/2019 16:56:00 | BB30: 152.82 | BC30: 8/6/2019 16:56:00 | BD30: 17.9 | BE30: 8/6/2019 16:56:00 | BF30: 12.68 | BG30: 8/6/2019 16:56:00 | BH30: 39.72 | BI30: 8/6/2019 16:56:00 | BJ30: 154.6 | BK30: 8/6/2019 16:56:00 | BL30: 23.9 | BM30: 8/6/2019 16:56:00 | BN30: 42.8 | BO30: 8/6/2019 16:56:00 | BP30: 25.88 | BQ30: 8/6/2019 16:56:00 | BR30: 17.6 | BS30: 8/6/2019 16:56:00 | BT30: 12.6 | BU30: 8/6/2019 16:56:00 | BV30: 102163,69 | BW30: 8/6/2019 16:56:00 | BX30: 29,08
B31: 31 | C31: 8/7/2019 16:56:00 | D31: 19.05 | E31: 8/7/2019 16:56:00 | F31: 33.02 | G31: 8/7/2019 16:56:00 | H31: 47.4 | I31: 8/7/2019 16:56:00 | J31: 12.45 | K31: 8/7/2019 16:56:00 | L31: 20.25 | M31: 8/7/2019 16:56:00 | N31: 12.99 | O31: 8/7/2019 16:56:00 | P31: 31.8 | Q31: 8/7/2019 16:56:00 | R31: 24.8 | S31: 8/7/2019 16:56:00 | T31: 21.65 | U31: 8/7/2019 16:56:00 | V31: 5.25 | W31: 8/7/2019 16:56:00 | X31: 115.5 | Y31: 8/7/2019 16:56:00 | Z31: 28.69 | AA31: 8/7/2019 16:56:00 | AB31: 24.53 | AC31: 8/7/2019 16:56:00 | AD31: 18.56 | AE31: 8/7/2019 16:56:00 | AF31: 31 | AG31: 8/7/2019 16:56:00 | AH31: 46.48 | AI31: 8/7/2019 16:56:00 | AJ31: 45.24 | AK31: 8/7/2019 16:56:00 | AL31: 7.29 | AM31: 8/7/2019 16:56:00 | AN31: 98.3 | AO31: 8/7/2019 16:56:00 | AP31: 116.75 | AQ31: 8/7/2019 16:56:00 | AR31: 11.32 | AS31: 8/7/2019 16:56:00 | AT31: 1234 | AU31: 8/7/2019 16:56:00 | AV31: 142.4 | AW31: 8/7/2019 16:56:00 | AX31: 120 | AY31: 8/7/2019 16:56:00 | AZ31: 4.23 | BA31: 8/7/2019 16:56:00 | BB31: 150.89 | BC31: 8/7/2019 16:56:00 | BD31: 18.23 | BE31: 8/7/2019 16:56:00 | BF31: 13.13 | BG31: 8/7/2019 16:56:00 | BH31: 39.65 | BI31: 8/7/2019 16:56:00 | BJ31: 154.49 | BK31: 8/7/2019 16:56:00 | BL31: 24.31 | BM31: 8/7/2019 16:56:00 | BN31: 43.44 | BO31: 8/7/2019 16:56:00 | BP31: 25.6 | BQ31: 8/7/2019 16:56:00 | BR31: 17.43 | BS31: 8/7/2019 16:56:00 | BT31: 12.55 | BU31: 8/7/2019 16:56:00 | BV31: 102782,37 | BW31: 8/7/2019 16:56:00 | BX31: 28,83
B32: 32 | C32: 8/8/2019 16:56:00 | D32: 18.97 | E32: 8/8/2019 16:56:00 | F32: 34.44 | G32: 8/8/2019 16:56:00 | H32: 47.5 | I32: 8/8/2019 16:56:00 | J32: 12.01 | K32: 8/8/2019 16:56:00 | L32: 20.56 | M32: 8/8/2019 16:56:00 | N32: 13.12 | O32: 8/8/2019 16:56:00 | P32: 31.81 | Q32: 8/8/2019 16:56:00 | R32: 25.52 | S32: 8/8/2019 16:56:00 | T32: 22.64 | U32: 8/8/2019 16:56:00 | V32: 5.24 | W32: 8/8/2019 16:56:00 | X32: 115.75 | Y32: 8/8/2019 16:56:00 | Z32: 28.83 | AA32: 8/8/2019 16:56:00 | AB32: 24.55 | AC32: 8/8/2019 16:56:00 | AD32: 18.47 | AE32: 8/8/2019 16:56:00 | AF32: 31.5 | AG32: 8/8/2019 16:56:00 | AH32: 47.18 | AI32: 8/8/2019 16:56:00 | AJ32: 45.6 | AK32: 8/8/2019 16:56:00 | AL32: 7.71 | AM32: 8/8/2019 16:56:00 | AN32: 95.3 | AO32: 8/8/2019 16:56:00 | AP32: 117.09 | AQ32: 8/8/2019 16:56:00 | AR32: 11.11 | AS32: 8/8/2019 16:56:00 | AT32: 1224 | AU32: 8/8/2019 16:56:00 | AV32: 141.7 | AW32: 8/8/2019 16:56:00 | AX32: 120.02 | AY32: 8/8/2019 16:56:00 | AZ32: 4.22 | BA32: 8/8/2019 16:56:00 | BB32: 151.83 | BC32: 8/8/2019 16:56:00 | BD32: 19.1 | BE32: 8/8/2019 16:56:00 | BF32: 13.43 | BG32: 8/8/2019 16:56:00 | BH32: 40.2 | BI32: 8/8/2019 16:56:00 | BJ32: 154.12 | BK32: 8/8/2019 16:56:00 | BL32: 24.44 | BM32: 8/8/2019 16:56:00 | BN32: 45.33 | BO32: 8/8/2019 16:56:00 | BP32: 26.35 | BQ32: 8/8/2019 16:56:00 | BR32: 17.48 | BS32: 8/8/2019 16:56:00 | BT32: 12.51 | BU32: 8/8/2019 16:56:00 | BV32: 104115,23 | BW32: 8/8/2019 16:56:00 | BX32: 28,97
B33: 33 | C33: 8/9/2019 16:56:00 | D33: 19.31 | E33: 8/9/2019 16:56:00 | F33: 35.45 | G33: 8/9/2019 16:56:00 | H33: 47.86 | I33: 8/9/2019 16:56:00 | J33: 11.85 | K33: 8/9/2019 16:56:00 | L33: 20.61 | M33: 8/9/2019 16:56:00 | N33: 13.06 | O33: 8/9/2019 16:56:00 | P33: 31.81 | Q33: 8/9/2019 16:56:00 | R33: 25.65 | S33: 8/9/2019 16:56:00 | T33: 21.25 | U33: 8/9/2019 16:56:00 | V33: 5.31 | W33: 8/9/2019 16:56:00 | X33: 115.7 | Y33: 8/9/2019 16:56:00 | Z33: 28.25 | AA33: 8/9/2019 16:56:00 | AB33: 24.83 | AC33: 8/9/2019 16:56:00 | AD33: 18.75 | AE33: 8/9/2019 16:56:00 | AF33: 31.75 | AG33: 8/9/2019 16:56:00 | AH33: 45.49 | AI33: 8/9/2019 16:56:00 | AJ33: 44.83 | AK33: 8/9/2019 16:56:00 | AL33: 7.72 | AM33: 8/9/2019 16:56:00 | AN33: 92 | AO33: 8/9/2019 16:56:00 | AP33: 116.95 | AQ33: 8/9/2019 16:56:00 | AR33: 11.09 | AS33: 8/9/2019 16:56:00 | AT33: 1200 | AU33: 8/9/2019 16:56:00 | AV33: 141.9 | AW33: 8/9/2019 16:56:00 | AX33: 120.12 | AY33: 8/9/2019 16:56:00 | AZ33: 4.21 | BA33: 8/9/2019 16:56:00 | BB33: 150.5 | BC33: 8/9/2019 16:56:00 | BD33: 18.7 | BE33: 8/9/2019 16:56:00 | BF33: 13.49 | BG33: 8/9/2019 16:56:00 | BH33: 42.25 | BI33: 8/9/2019 16:56:00 | BJ33: 154.4 | BK33: 8/9/2019 16:56:00 | BL33: 24.18 | BM33: 8/9/2019 16:56:00 | BN33: 45.5 | BO33: 8/9/2019 16:56:00 | BP33: 26.28 | BQ33: 8/9/2019 16:56:00 | BR33: 17.61 | BS33: 8/9/2019 16:56:00 | BT33: 12.63 | BU33: 8/9/2019 16:56:00 | BV33: 103996,16 | BW33: 8/9/2019 16:56:00 | BX33: 28,7
B34: 34 | C34: 8/12/2019 16:56:00 | D34: 19.65 | E34: 8/12/2019 16:56:00 | F34: 33.7 | G34: 8/12/2019 16:56:00 | H34: 47.2 | I34: 8/12/2019 16:56:00 | J34: 11.84 | K34: 8/12/2019 16:56:00 | L34: 20.42 | M34: 8/12/2019 16:56:00 | N34: 12.6 | O34: 8/12/2019 16:56:00 | P34: 30.66 | Q34: 8/12/2019 16:56:00 | R34: 25.86 | S34: 8/12/2019 16:56:00 | T34: 21.08 | U34: 8/12/2019 16:56:00 | V34: 5.25 | W34: 8/12/2019 16:56:00 | X34: 115 | Y34: 8/12/2019 16:56:00 | Z34: 28.29 | AA34: 8/12/2019 16:56:00 | AB34: 24.85 | AC34: 8/12/2019 16:56:00 | AD34: 18.36 | AE34: 8/12/2019 16:56:00 | AF34: 31.5 | AG34: 8/12/2019 16:56:00 | AH34: 45.16 | AI34: 8/12/2019 16:56:00 | AJ34: 44.99 | AK34: 8/12/2019 16:56:00 | AL34: 7.47 | AM34: 8/12/2019 16:56:00 | AN34: 93.37 | AO34: 8/12/2019 16:56:00 | AP34: 116 | AQ34: 8/12/2019 16:56:00 | AR34: 11.01 | AS34: 8/12/2019 16:56:00 | AT34: 1190.1 | AU34: 8/12/2019 16:56:00 | AV34: 140.94 | AW34: 8/12/2019 16:56:00 | AX34: 120.05 | AY34: 8/12/2019 16:56:00 | AZ34: 4.21 | BA34: 8/12/2019 16:56:00 | BB34: 149.99 | BC34: 8/12/2019 16:56:00 | BD34: 18.33 | BE34: 8/12/2019 16:56:00 | BF34: 13.35 | BG34: 8/12/2019 16:56:00 | BH34: 38.9 | BI34: 8/12/2019 16:56:00 | BJ34: 155.4 | BK34: 8/12/2019 16:56:00 | BL34: 23.75 | BM34: 8/12/2019 16:56:00 | BN34: 44.24 | BO34: 8/12/2019 16:56:00 | BP34: 25.65 | BQ34: 8/12/2019 16:56:00 | BR34: 17.39 | BS34: 8/12/2019 16:56:00 | BT34: 12.39 | BU34: 8/12/2019 16:56:00 | BV34: 101915,22 | BW34: 8/12/2019 16:56:00 | BX34: 27,9
B35: 35 | C35: 8/13/2019 16:56:00 | D35: 19.81 | E35: 8/13/2019 16:56:00 | F35: 34.07 | G35: 8/13/2019 16:56:00 | H35: 47.9 | I35: 8/13/2019 16:56:00 | J35: 12.1 | K35: 8/13/2019 16:56:00 | L35: 20.42 | M35: 8/13/2019 16:56:00 | N35: 12.92 | O35: 8/13/2019 16:56:00 | P35: 30.95 | Q35: 8/13/2019 16:56:00 | R35: 25.2 | S35: 8/13/2019 16:56:00 | T35: 20.27 | U35: 8/13/2019 16:56:00 | V35: 5.22 | W35: 8/13/2019 16:56:00 | X35: 115 | Y35: 8/13/2019 16:56:00 | Z35: 28.78 | AA35: 8/13/2019 16:56:00 | AB35: 24.99 | AC35: 8/13/2019 16:56:00 | AD35: 18.65 | AE35: 8/13/2019 16:56:00 | AF35: 31.91 | AG35: 8/13/2019 16:56:00 | AH35: 46.5 | AI35: 8/13/2019 16:56:00 | AJ35: 44.18 | AK35: 8/13/2019 16:56:00 | AL35: 7.45 | AM35: 8/13/2019 16:56:00 | AN35: 94.45 | AO35: 8/13/2019 16:56:00 | AP35: 117 | AQ35: 8/13/2019 16:56:00 | AR35: 10.99 | AS35: 8/13/2019 16:56:00 | AT35: 1181.02 | AU35: 8/13/2019 16:56:00 | AV35: 140.15 | AW35: 8/13/2019 16:56:00 | AX35: 120.09 | AY35: 8/13/2019 16:56:00 | AZ35: 4.19 | BA35: 8/13/2019 16:56:00 | BB35: 149.72 | BC35: 8/13/2019 16:56:00 | BD35: 18.4 | BE35: 8/13/2019 16:56:00 | BF35: 13.63 | BG35: 8/13/2019 16:56:00 | BH35: 38.3 | BI35: 8/13/2019 16:56:00 | BJ35: 154.01 | BK35: 8/13/2019 16:56:00 | BL35: 24.28 | BM35: 8/13/2019 16:56:00 | BN35: 45.86 | BO35: 8/13/2019 16:56:00 | BP35: 25.79 | BQ35: 8/13/2019 16:56:00 | BR35: 17.55 | BS35: 8/13/2019 16:56:00 | BT35: 12.29 | BU35: 8/13/2019 16:56:00 | BV35: 103299,47 | BW35: 8/13/2019 16:56:00 | BX35: 28,24
B36: 36 | C36: 8/14/2019 16:56:00 | D36: 19.91 | E36: 8/14/2019 16:56:00 | F36: 33.34 | G36: 8/14/2019 16:56:00 | H36: 46.17 | I36: 8/14/2019 16:56:00 | J36: 11.96 | K36: 8/14/2019 16:56:00 | L36: 19.9 | M36: 8/14/2019 16:56:00 | N36: 12.75 | O36: 8/14/2019 16:56:00 | P36: 30.4 | Q36: 8/14/2019 16:56:00 | R36: 24.56 | S36: 8/14/2019 16:56:00 | T36: 19.36 | U36: 8/14/2019 16:56:00 | V36: 5.13 | W36: 8/14/2019 16:56:00 | X36: 115 | Y36: 8/14/2019 16:56:00 | Z36: 28.07 | AA36: 8/14/2019 16:56:00 | AB36: 24.78 | AC36: 8/14/2019 16:56:00 | AD36: 18.19 | AE36: 8/14/2019 16:56:00 | AF36: 29.95 | AG36: 8/14/2019 16:56:00 | AH36: 44.88 | AI36: 8/14/2019 16:56:00 | AJ36: 43.2 | AK36: 8/14/2019 16:56:00 | AL36: 7.12 | AM36: 8/14/2019 16:56:00 | AN36: 93.3 | AO36: 8/14/2019 16:56:00 | AP36: 117.25 | AQ36: 8/14/2019 16:56:00 | AR36: 10.99 | AS36: 8/14/2019 16:56:00 | AT36: 1200 | AU36: 8/14/2019 16:56:00 | AV36: 140.17 | AW36: 8/14/2019 16:56:00 | AX36: 120 | AY36: 8/14/2019 16:56:00 | AZ36: 4.19 | BA36: 8/14/2019 16:56:00 | BB36: 150.84 | BC36: 8/14/2019 16:56:00 | BD36: 17.94 | BE36: 8/14/2019 16:56:00 | BF36: 13.38 | BG36: 8/14/2019 16:56:00 | BH36: 37.45 | BI36: 8/14/2019 16:56:00 | BJ36: 155 | BK36: 8/14/2019 16:56:00 | BL36: 23.09 | BM36: 8/14/2019 16:56:00 | BN36: 43.7 | BO36: 8/14/2019 16:56:00 | BP36: 24.92 | BQ36: 8/14/2019 16:56:00 | BR36: 17.13 | BS36: 8/14/2019 16:56:00 | BT36: 11.98 | BU36: 8/14/2019 16:56:00 | BV36: 100258,01 | BW36: 8/14/2019 16:56:00 | BX36: 27,35
B37: 37 | C37: 8/15/2019 16:56:00 | D37: 19.08 | E37: 8/15/2019 16:56:00 | F37: 33.1 | G37: 8/15/2019 16:56:00 | H37: 45.35 | I37: 8/15/2019 16:56:00 | J37: 11.53 | K37: 8/15/2019 16:56:00 | L37: 19.48 | M37: 8/15/2019 16:56:00 | N37: 12.8 | O37: 8/15/2019 16:56:00 | P37: 30.19 | Q37: 8/15/2019 16:56:00 | R37: 23.87 | S37: 8/15/2019 16:56:00 | T37: 18.72 | U37: 8/15/2019 16:56:00 | V37: 4.89 | W37: 8/15/2019 16:56:00 | X37: 115 | Y37: 8/15/2019 16:56:00 | Z37: 27.6 | AA37: 8/15/2019 16:56:00 | AB37: 23.93 | AC37: 8/15/2019 16:56:00 | AD37: 17.77 | AE37: 8/15/2019 16:56:00 | AF37: 27.3 | AG37: 8/15/2019 16:56:00 | AH37: 43.89 | AI37: 8/15/2019 16:56:00 | AJ37: 43.3 | AK37: 8/15/2019 16:56:00 | AL37: 6.71 | AM37: 8/15/2019 16:56:00 | AN37: 93.6 | AO37: 8/15/2019 16:56:00 | AP37: 117.18 | AQ37: 8/15/2019 16:56:00 | AR37: 10.9 | AS37: 8/15/2019 16:56:00 | AT37: 1188.01 | AU37: 8/15/2019 16:56:00 | AV37: 139.82 | AW37: 8/15/2019 16:56:00 | AX37: 119.19 | AY37: 8/15/2019 16:56:00 | AZ37: 4.25 | BA37: 8/15/2019 16:56:00 | BB37: 150.25 | BC37: 8/15/2019 16:56:00 | BD37: 17.59 | BE37: 8/15/2019 16:56:00 | BF37: 12.78 | BG37: 8/15/2019 16:56:00 | BH37: 36.4 | BI37: 8/15/2019 16:56:00 | BJ37: 155.95 | BK37: 8/15/2019 16:56:00 | BL37: 22.35 | BM37: 8/15/2019 16:56:00 | BN37: 43.35 | BO37: 8/15/2019 16:56:00 | BP37: 24.23 | BQ37: 8/15/2019 16:56:00 | BR37: 16.7 | BS37: 8/15/2019 16:56:00 | BT37: 11.68 | BU37: 8/15/2019 16:56:00 | BV37: 99056,91 | BW37: 8/15/2019 16:56:00 | BX37: 27,15
B38: 38 | C38: 8/16/2019 16:56:00 | D38: 18.97 | E38: 8/16/2019 16:56:00 | F38: 33.24 | G38: 8/16/2019 16:56:00 | H38: 45.15 | I38: 8/16/2019 16:56:00 | J38: 11.25 | K38: 8/16/2019 16:56:00 | L38: 19.85 | M38: 8/16/2019 16:56:00 | N38: 12.51 | O38: 8/16/2019 16:56:00 | P38: 29.52 | Q38: 8/16/2019 16:56:00 | R38: 23.7 | S38: 8/16/2019 16:56:00 | T38: 18.4 | U38: 8/16/2019 16:56:00 | V38: 4.86 | W38: 8/16/2019 16:56:00 | X38: 114.86 | Y38: 8/16/2019 16:56:00 | Z38: 27.6 | AA38: 8/16/2019 16:56:00 | AB38: 24.05 | AC38: 8/16/2019 16:56:00 | AD38: 17.72 | AE38: 8/16/2019 16:56:00 | AF38: 27.47 | AG38: 8/16/2019 16:56:00 | AH38: 43.69 | AI38: 8/16/2019 16:56:00 | AJ38: 43.5 | AK38: 8/16/2019 16:56:00 | AL38: 6.78 | AM38: 8/16/2019 16:56:00 | AN38: 95 | AO38: 8/16/2019 16:56:00 | AP38: 117 | AQ38: 8/16/2019 16:56:00 | AR38: 10.87 | AS38: 8/16/2019 16:56:00 | AT38: 1198.99 | AU38: 8/16/2019 16:56:00 | AV38: 142 | AW38: 8/16/2019 16:56:00 | AX38: 119.5 | AY38: 8/16/2019 16:56:00 | AZ38: 4.3 | BA38: 8/16/2019 16:56:00 | BB38: 151.39 | BC38: 8/16/2019 16:56:00 | BD38: 17.77 | BE38: 8/16/2019 16:56:00 | BF38: 12.62 | BG38: 8/16/2019 16:56:00 | BH38: 37.25 | BI38: 8/16/2019 16:56:00 | BJ38: 156 | BK38: 8/16/2019 16:56:00 | BL38: 22.8 | BM38: 8/16/2019 16:56:00 | BN38: 44.5 | BO38: 8/16/2019 16:56:00 | BP38: 23.91 | BQ38: 8/16/2019 16:56:00 | BR38: 16.08 | BS38: 8/16/2019 16:56:00 | BT38: 11.75 | BU38: 8/16/2019 16:56:00 | BV38: 99805,78 | BW38: 8/16/2019 16:56:00 | BX38: 27,5
B39: 39 | C39: 8/19/2019 16:56:00 | D39: 18.77 | E39: 8/19/2019 16:56:00 | F39: 33.15 | G39: 8/19/2019 16:56:00 | H39: 45.15 | I39: 8/19/2019 16:56:00 | J39: 11.03 | K39: 8/19/2019 16:56:00 | L39: 19.75 | M39: 8/19/2019 16:56:00 | N39: 12.29 | O39: 8/19/2019 16:56:00 | P39: 29.4 | Q39: 8/19/2019 16:56:00 | R39: 23.75 | S39: 8/19/2019 16:56:00 | T39: 18.1 | U39: 8/19/2019 16:56:00 | V39: 4.91 | W39: 8/19/2019 16:56:00 | X39: 115 | Y39: 8/19/2019 16:56:00 | Z39: 27.38 | AA39: 8/19/2019 16:56:00 | AB39: 24.15 | AC39: 8/19/2019 16:56:00 | AD39: 17.32 | AE39: 8/19/2019 16:56:00 | AF39: 27.93 | AG39: 8/19/2019 16:56:00 | AH39: 43.65 | AI39: 8/19/2019 16:56:00 | AJ39: 43.1 | AK39: 8/19/2019 16:56:00 | AL39: 6.74 | AM39: 8/19/2019 16:56:00 | AN39: 94.13 | AO39: 8/19/2019 16:56:00 | AP39: 117.08 | AQ39: 8/19/2019 16:56:00 | AR39: 10.82 | AS39: 8/19/2019 16:56:00 | AT39: 1178 | AU39: 8/19/2019 16:56:00 | AV39: 141.63 | AW39: 8/19/2019 16:56:00 | AX39: 119.3 | AY39: 8/19/2019 16:56:00 | AZ39: 4.3 | BA39: 8/19/2019 16:56:00 | BB39: 151 | BC39: 8/19/2019 16:56:00 | BD39: 17.34 | BE39: 8/19/2019 16:56:00 | BF39: 14.03 | BG39: 8/19/2019 16:56:00 | BH39: 36.95 | BI39: 8/19/2019 16:56:00 | BJ39: 156.9 | BK39: 8/19/2019 16:56:00 | BL39: 22.54 | BM39: 8/19/2019 16:56:00 | BN39: 45.5 | BO39: 8/19/2019 16:56:00 | BP39: 24.03 | BQ39: 8/19/2019 16:56:00 | BR39: 16.2 | BS39: 8/19/2019 16:56:00 | BT39: 11.74 | BU39: 8/19/2019 16:56:00 | BV39: 99468,67 | BW39: 8/19/2019 16:56:00 | BX39: 27,61
B40: 40 | C40: 8/20/2019 16:56:00 | D40: 18.75 | E40: 8/20/2019 16:56:00 | F40: 33.08 | G40: 8/20/2019 16:56:00 | H40: 44.31 | I40: 8/20/2019 16:56:00 | J40: 11.13 | K40: 8/20/2019 16:56:00 | L40: 19.35 | M40: 8/20/2019 16:56:00 | N40: 12.1 | O40: 8/20/2019 16:56:00 | P40: 29.16 | Q40: 8/20/2019 16:56:00 | R40: 23.49 | S40: 8/20/2019 16:56:00 | T40: 17.81 | U40: 8/20/2019 16:56:00 | V40: 4.95 | W40: 8/20/2019 16:56:00 | X40: 115 | Y40: 8/20/2019 16:56:00 | Z40: 27 | AA40: 8/20/2019 16:56:00 | AB40: 23.69 | AC40: 8/20/2019 16:56:00 | AD40: 17.23 | AE40: 8/20/2019 16:56:00 | AF40: 28.09 | AG40: 8/20/2019 16:56:00 | AH40: 43.84 | AI40: 8/20/2019 16:56:00 | AJ40: 44.73 | AK40: 8/20/2019 16:56:00 | AL40: 6.8 | AM40: 8/20/2019 16:56:00 | AN40: 93.2 | AO40: 8/20/2019 16:56:00 | AP40: 117.07 | AQ40: 8/20/2019 16:56:00 | AR40: 10.79 | AS40: 8/20/2019 16:56:00 | AT40: 1149.25 | AU40: 8/20/2019 16:56:00 | AV40: 139.8 | AW40: 8/20/2019 16:56:00 | AX40: 117.75 | AY40: 8/20/2019 16:56:00 | AZ40: 4.25 | BA40: 8/20/2019 16:56:00 | BB40: 150.99 | BC40: 8/20/2019 16:56:00 | BD40: 17.5 | BE40: 8/20/2019 16:56:00 | BF40: 13.75 | BG40: 8/20/2019 16:56:00 | BH40: 36.71 | BI40: 8/20/2019 16:56:00 | BJ40: 157.1 | BK40: 8/20/2019 16:56:00 | BL40: 22.6 | BM40: 8/20/2019 16:56:00 | BN40: 45.76 | BO40: 8/20/2019 16:56:00 | BP40: 24.02 | BQ40: 8/20/2019 16:56:00 | BR40: 15.68 | BS40: 8/20/2019 16:56:00 | BT40: 11.73 | BU40: 8/20/2019 16:56:00 | BV40: 99222,25 | BW40: 8/20/2019 16:56:00 | BX40: 26,82
B41: 41 | C41: 8/21/2019 16:56:00 | D41: 18.9 | E41: 8/21/2019 16:56:00 | F41: 33.29 | G41: 8/21/2019 16:56:00 | H41: 44.57 | I41: 8/21/2019 16:56:00 | J41: 11.1 | K41: 8/21/2019 16:56:00 | L41: 19.59 | M41: 8/21/2019 16:56:00 | N41: 12.25 | O41: 8/21/2019 16:56:00 | P41: 29.55 | Q41: 8/21/2019 16:56:00 | R41: 23.84 | S41: 8/21/2019 16:56:00 | T41: 18.88 | U41: 8/21/2019 16:56:00 | V41: 5.13 | W41: 8/21/2019 16:56:00 | X41: 115.75 | Y41: 8/21/2019 16:56:00 | Z41: 27.53 | AA41: 8/21/2019 16:56:00 | AB41: 23.77 | AC41: 8/21/2019 16:56:00 | AD41: 17.35 | AE41: 8/21/2019 16:56:00 | AF41: 27.75 | AG41: 8/21/2019 16:56:00 | AH41: 44.15 | AI41: 8/21/2019 16:56:00 | AJ41: 45.18 | AK41: 8/21/2019 16:56:00 | AL41: 6.87 | AM41: 8/21/2019 16:56:00 | AN41: 93.38 | AO41: 8/21/2019 16:56:00 | AP41: 117.25 | AQ41: 8/21/2019 16:56:00 | AR41: 10.8 | AS41: 8/21/2019 16:56:00 | AT41: 1144.98 | AU41: 8/21/2019 16:56:00 | AV41: 138.95 | AW41: 8/21/2019 16:56:00 | AX41: 117.45 | AY41: 8/21/2019 16:56:00 | AZ41: 4.29 | BA41: 8/21/2019 16:56:00 | BB41: 150.09 | BC41: 8/21/2019 16:56:00 | BD41: 17.67 | BE41: 8/21/2019 16:56:00 | BF41: 14.63 | BG41: 8/21/2019 16:56:00 | BH41: 36.96 | BI41: 8/21/2019 16:56:00 | BJ41: 159.7 | BK41: 8/21/2019 16:56:00 | BL41: 23.06 | BM41: 8/21/2019 16:56:00 | BN41: 45.82 | BO41: 8/21/2019 16:56:00 | BP41: 25.45 | BQ41: 8/21/2019 16:56:00 | BR41: 16.13 | BS41: 8/21/2019 16:56:00 | BT41: 11.95 | BU41: 8/21/2019 16:56:00 | BV41: 101201,9 | BW41: 8/21/2019 16:56:00 | BX41: 26,66
B42: 42 | C42: 8/22/2019 16:56:00 | D42: 18.57 | E42: 8/22/2019 16:56:00 | F42: 32.6 | G42: 8/22/2019 16:56:00 | H42: 44.01 | I42: 8/22/2019 16:56:00 | J42: 10.88 | K42: 8/22/2019 16:56:00 | L42: 19.6 | M42: 8/22/2019 16:56:00 | N42: 12.05 | O42: 8/22/2019 16:56:00 | P42: 29.14 | Q42: 8/22/2019 16:56:00 | R42: 23.6 | S42: 8/22/2019 16:56:00 | T42: 19.2 | U42: 8/22/2019 16:56:00 | V42: 5.13 | W42: 8/22/2019 16:56:00 | X42: 115.5 | Y42: 8/22/2019 16:56:00 | Z42: 27.67 | AA42: 8/22/2019 16:56:00 | AB42: 23.97 | AC42: 8/22/2019 16:56:00 | AD42: 17.12 | AE42: 8/22/2019 16:56:00 | AF42: 27.39 | AG42: 8/22/2019 16:56:00 | AH42: 43.89 | AI42: 8/22/2019 16:56:00 | AJ42: 45.1 | AK42: 8/22/2019 16:56:00 | AL42: 6.95 | AM42: 8/22/2019 16:56:00 | AN42: 93.18 | AO42: 8/22/2019 16:56:00 | AP42: 117.2 | AQ42: 8/22/2019 16:56:00 | AR42: 10.85 | AS42: 8/22/2019 16:56:00 | AT42: 1149 | AU42: 8/22/2019 16:56:00 | AV42: 136.65 | AW42: 8/22/2019 16:56:00 | AX42: 115 | AY42: 8/22/2019 16:56:00 | AZ42: 4.18 | BA42: 8/22/2019 16:56:00 | BB42: 150.8 | BC42: 8/22/2019 16:56:00 | BD42: 17.66 | BE42: 8/22/2019 16:56:00 | BF42: 14.8 | BG42: 8/22/2019 16:56:00 | BH42: 36 | BI42: 8/22/2019 16:56:00 | BJ42: 158.9 | BK42: 8/22/2019 16:56:00 | BL42: 22.73 | BM42: 8/22/2019 16:56:00 | BN42: 45.47 | BO42: 8/22/2019 16:56:00 | BP42: 25.22 | BQ42: 8/22/2019 16:56:00 | BR42: 16.1 | BS42: 8/22/2019 16:56:00 | BT42: 12.14 | BU42: 8/22/2019 16:56:00 | BV42: 100011,28 | BW42: 8/22/2019 16:56:00 | BX42: 26,5
B43: 43 | C43: 8/23/2019 16:56:00 | D43: 18.39 | E43: 8/23/2019 16:56:00 | F43: 32.19 | G43: 8/23/2019 16:56:00 | H43: 43.73 | I43: 8/23/2019 16:56:00 | J43: 10.58 | K43: 8/23/2019 16:56:00 | L43: 19.08 | M43: 8/23/2019 16:56:00 | N43: 11.88 | O43: 8/23/2019 16:56:00 | P43: 28.88 | Q43: 8/23/2019 16:56:00 | R43: 23.5 | S43: 8/23/2019 16:56:00 | T43: 18.73 | U43: 8/23/2019 16:56:00 | V43: 5.03 | W43: 8/23/2019 16:56:00 | X43: 117 | Y43: 8/23/2019 16:56:00 | Z43: 27.24 | AA43: 8/23/2019 16:56:00 | AB43: 23.27 | AC43: 8/23/2019 16:56:00 | AD43: 16.8 | AE43: 8/23/2019 16:56:00 | AF43: 27.7 | AG43: 8/23/2019 16:56:00 | AH43: 43.28 | AI43: 8/23/2019 16:56:00 | AJ43: 44.78 | AK43: 8/23/2019 16:56:00 | AL43: 6.66 | AM43: 8/23/2019 16:56:00 | AN43: 92.8 | AO43: 8/23/2019 16:56:00 | AP43: 117.6 | AQ43: 8/23/2019 16:56:00 | AR43: 10.86 | AS43: 8/23/2019 16:56:00 | AT43: 1140 | AU43: 8/23/2019 16:56:00 | AV43: 132.85 | AW43: 8/23/2019 16:56:00 | AX43: 115.82 | AY43: 8/23/2019 16:56:00 | AZ43: 3.96 | BA43: 8/23/2019 16:56:00 | BB43: 151.7 | BC43: 8/23/2019 16:56:00 | BD43: 17.4 | BE43: 8/23/2019 16:56:00 | BF43: 15 | BG43: 8/23/2019 16:56:00 | BH43: 34.7 | BI43: 8/23/2019 16:56:00 | BJ43: 158.7 | BK43: 8/23/2019 16:56:00 | BL43: 22.22 | BM43: 8/23/2019 16:56:00 | BN43: 43.83 | BO43: 8/23/2019 16:56:00 | BP43: 24.28 | BQ43: 8/23/2019 16:56:00 | BR43: 15.15 | BS43: 8/23/2019 16:56:00 | BT43: 11.91 | BU43: 8/23/2019 16:56:00 | BV43: 97667,49 | BW43: 8/23/2019 16:56:00 | BX43: 26,39
B44: 44 | C44: 8/26/2019 16:56:00 | D44: 17.92 | E44: 8/26/2019 16:56:00 | F44: 31.88 | G44: 8/26/2019 16:56:00 | H44: 43.03 | I44: 8/26/2019 16:56:00 | J44: 10.23 | K44: 8/26/2019 16:56:00 | L44: 19.29 | M44: 8/26/2019 16:56:00 | N44: 11.83 | O44: 8/26/2019 16:56:00 | P44: 28.76 | Q44: 8/26/2019 16:56:00 | R44: 23 | S44: 8/26/2019 16:56:00 | T44: 17.65 | U44: 8/26/2019 16:56:00 | V44: 4.87 | W44: 8/26/2019 16:56:00 | X44: 116.83 | Y44: 8/26/2019 16:56:00 | Z44: 26.85 | AA44: 8/26/2019 16:56:00 | AB44: 23.21 | AC44: 8/26/2019 16:56:00 | AD44: 16.7 | AE44: 8/26/2019 16:56:00 | AF44: 27.21 | AG44: 8/26/2019 16:56:00 | AH44: 42.8 | AI44: 8/26/2019 16:56:00 | AJ44: 43.5 | AK44: 8/26/2019 16:56:00 | AL44: 6.64 | AM44: 8/26/2019 16:56:00 | AN44: 91.8 | AO44: 8/26/2019 16:56:00 | AP44: 117.6 | AQ44: 8/26/2019 16:56:00 | AR44: 10.9 | AS44: 8/26/2019 16:56:00 | AT44: 1142.01 | AU44: 8/26/2019 16:56:00 | AV44: 133.79 | AW44: 8/26/2019 16:56:00 | AX44: 117.49 | AY44: 8/26/2019 16:56:00 | AZ44: 4 | BA44: 8/26/2019 16:56:00 | BB44: 150.26 | BC44: 8/26/2019 16:56:00 | BD44: 17.16 | BE44: 8/26/2019 16:56:00 | BF44: 16.5 | BG44: 8/26/2019 16:56:00 | BH44: 33.99 | BI44: 8/26/2019 16:56:00 | BJ44: 157 | BK44: 8/26/2019 16:56:00 | BL44: 21.55 | BM44: 8/26/2019 16:56:00 | BN44: 42.3 | BO44: 8/26/2019 16:56:00 | BP44: 23.96 | BQ44: 8/26/2019 16:56:00 | BR44: 14.57 | BS44: 8/26/2019 16:56:00 | BT44: 11.8 | BU44: 8/26/2019 16:56:00 | BV44: 96429,6 | BW44: 8/26/2019 16:56:00 | BX44: 26,57
B45: 45 | C45: 8/27/2019 16:56:00 | D45: 18 | E45: 8/27/2019 16:56:00 | F45: 32.1 | G45: 8/27/2019 16:56:00 | H45: 42.97 | I45: 8/27/2019 16:56:00 | J45: 10.48 | K45: 8/27/2019 16:56:00 | L45: 19.44 | M45: 8/27/2019 16:56:00 | N45: 12.02 | O45: 8/27/2019 16:56:00 | P45: 29.01 | Q45: 8/27/2019 16:56:00 | R45: 23.21 | S45: 8/27/2019 16:56:00 | T45: 18.31 | U45: 8/27/2019 16:56:00 | V45: 5 | W45: 8/27/2019 16:56:00 | X45: 116.74 | Y45: 8/27/2019 16:56:00 | Z45: 27.33 | AA45: 8/27/2019 16:56:00 | AB45: 23.37 | AC45: 8/27/2019 16:56:00 | AD45: 17.07 | AE45: 8/27/2019 16:56:00 | AF45: 28.21 | AG45: 8/27/2019 16:56:00 | AH45: 43.32 | AI45: 8/27/2019 16:56:00 | AJ45: 43 | AK45: 8/27/2019 16:56:00 | AL45: 6.75 | AM45: 8/27/2019 16:56:00 | AN45: 92.29 | AO45: 8/27/2019 16:56:00 | AP45: 117.98 | AQ45: 8/27/2019 16:56:00 | AR45: 10.81 | AS45: 8/27/2019 16:56:00 | AT45: 1159.99 | AU45: 8/27/2019 16:56:00 | AV45: 134.88 | AW45: 8/27/2019 16:56:00 | AX45: 117.12 | AY45: 8/27/2019 16:56:00 | AZ45: 4.03 | BA45: 8/27/2019 16:56:00 | BB45: 150.8 | BC45: 8/27/2019 16:56:00 | BD45: 17.33 | BE45: 8/27/2019 16:56:00 | BF45: 15.74 | BG45: 8/27/2019 16:56:00 | BH45: 33.31 | BI45: 8/27/2019 16:56:00 | BJ45: 157.8 | BK45: 8/27/2019 16:56:00 | BL45: 21.68 | BM45: 8/27/2019 16:56:00 | BN45: 43 | BO45: 8/27/2019 16:56:00 | BP45: 24.34 | BQ45: 8/27/2019 16:56:00 | BR45: 14.44 | BS45: 8/27/2019 16:56:00 | BT45: 11.58 | BU45: 8/27/2019 16:56:00 | BV45: 97276,19 | BW45: 8/27/2019 16:56:00 | BX45: 27,01
B46: 46 | C46: 8/28/2019 16:56:00 | D46: 18.2 | E46: 8/28/2019 16:56:00 | F46: 32.51 | G46: 8/28/2019 16:56:00 | H46: 43.45 | I46: 8/28/2019 16:56:00 | J46: 10.47 | K46: 8/28/2019 16:56:00 | L46: 19.36 | M46: 8/28/2019 16:56:00 | N46: 12.2 | O46: 8/28/2019 16:56:00 | P46: 29.24 | Q46: 8/28/2019 16:56:00 | R46: 22.85 | S46: 8/28/2019 16:56:00 | T46: 18.29 | U46: 8/28/2019 16:56:00 | V46: 5.1 | W46: 8/28/2019 16:56:00 | X46: 116.75 | Y46: 8/28/2019 16:56:00 | Z46: 27.41 | AA46: 8/28/2019 16:56:00 | AB46: 23.65 | AC46: 8/28/2019 16:56:00 | AD46: 17.08 | AE46: 8/28/2019 16:56:00 | AF46: 28.62 | AG46: 8/28/2019 16:56:00 | AH46: 43.48 | AI46: 8/28/2019 16:56:00 | AJ46: 44.4 | AK46: 8/28/2019 16:56:00 | AL46: 6.83 | AM46: 8/28/2019 16:56:00 | AN46: 92.28 | AO46: 8/28/2019 16:56:00 | AP46: 118.1 | AQ46: 8/28/2019 16:56:00 | AR46: 10.9 | AS46: 8/28/2019 16:56:00 | AT46: 1144.87 | AU46: 8/28/2019 16:56:00 | AV46: 137.5 | AW46: 8/28/2019 16:56:00 | AX46: 117.9 | AY46: 8/28/2019 16:56:00 | AZ46: 4.03 | BA46: 8/28/2019 16:56:00 | BB46: 151.65 | BC46: 8/28/2019 16:56:00 | BD46: 17.66 | BE46: 8/28/2019 16:56:00 | BF46: 15.54 | BG46: 8/28/2019 16:56:00 | BH46: 33.48 | BI46: 8/28/2019 16:56:00 | BJ46: 158 | BK46: 8/28/2019 16:56:00 | BL46: 22.09 | BM46: 8/28/2019 16:56:00 | BN46: 43.63 | BO46: 8/28/2019 16:56:00 | BP46: 24.59 | BQ46: 8/28/2019 16:56:00 | BR46: 15.5 | BS46: 8/28/2019 16:56:00 | BT46: 11.63 | BU46: 8/28/2019 16:56:00 | BV46: 98193,53 | BW46: 8/28/2019 16:56:00 | BX46: 27,75
B47: 47 | C47: 8/29/2019 16:56:00 | D47: 18.3 | E47: 8/29/2019 16:56:00 | F47: 32.88 | G47: 8/29/2019 16:56:00 | H47: 44.02 | I47: 8/29/2019 16:56:00 | J47: 11 | K47: 8/29/2019 16:56:00 | L47: 19.45 | M47: 8/29/2019 16:56:00 | N47: 12.26 | O47: 8/29/2019 16:56:00 | P47: 29.47 | Q47: 8/29/2019 16:56:00 | R47: 23.3 | S47: 8/29/2019 16:56:00 | T47: 19.69 | U47: 8/29/2019 16:56:00 | V47: 5.27 | W47: 8/29/2019 16:56:00 | X47: 116.5 | Y47: 8/29/2019 16:56:00 | Z47: 27.74 | AA47: 8/29/2019 16:56:00 | AB47: 23.8 | AC47: 8/29/2019 16:56:00 | AD47: 17.22 | AE47: 8/29/2019 16:56:00 | AF47: 29.85 | AG47: 8/29/2019 16:56:00 | AH47: 45.1 | AI47: 8/29/2019 16:56:00 | AJ47: 44.2 | AK47: 8/29/2019 16:56:00 | AL47: 7.14 | AM47: 8/29/2019 16:56:00 | AN47: 92.15 | AO47: 8/29/2019 16:56:00 | AP47: 119.89 | AQ47: 8/29/2019 16:56:00 | AR47: 10.9 | AS47: 8/29/2019 16:56:00 | AT47: 1150.5 | AU47: 8/29/2019 16:56:00 | AV47: 137.5 | AW47: 8/29/2019 16:56:00 | AX47: 118.38 | AY47: 8/29/2019 16:56:00 | AZ47: 4.04 | BA47: 8/29/2019 16:56:00 | BB47: 151.95 | BC47: 8/29/2019 16:56:00 | BD47: 18 | BE47: 8/29/2019 16:56:00 | BF47: 16.25 | BG47: 8/29/2019 16:56:00 | BH47: 35.48 | BI47: 8/29/2019 16:56:00 | BJ47: 157.99 | BK47: 8/29/2019 16:56:00 | BL47: 22.4 | BM47: 8/29/2019 16:56:00 | BN47: 44.29 | BO47: 8/29/2019 16:56:00 | BP47: 25.5 | BQ47: 8/29/2019 16:56:00 | BR47: 16.1 | BS47: 8/29/2019 16:56:00 | BT47: 11.8 | BU47: 8/29/2019 16:56:00 | BV47: 100524,43 | BW47: 8/29/2019 16:56:00 | BX47: 27,46
B48: 48 | C48: 8/30/2019 16:56:00 | D48: 18.39 | E48: 8/30/2019 16:56:00 | F48: 32.67 | G48: 8/30/2019 16:56:00 | H48: 44.98 | I48: 8/30/2019 16:56:00 | J48: 11.09 | K48: 8/30/2019 16:56:00 | L48: 20.1 | M48: 8/30/2019 16:56:00 | N48: 12.29 | O48: 8/30/2019 16:56:00 | P48: 29.9 | Q48: 8/30/2019 16:56:00 | R48: 23.68 | S48: 8/30/2019 16:56:00 | T48: 19.7 | U48: 8/30/2019 16:56:00 | V48: 5.83 | W48: 8/30/2019 16:56:00 | X48: 117 | Y48: 8/30/2019 16:56:00 | Z48: 28.1 | AA48: 8/30/2019 16:56:00 | AB48: 24.8 | AC48: 8/30/2019 16:56:00 | AD48: 17.64 | AE48: 8/30/2019 16:56:00 | AF48: 30.58 | AG48: 8/30/2019 16:56:00 | AH48: 45.57 | AI48: 8/30/2019 16:56:00 | AJ48: 45.97 | AK48: 8/30/2019 16:56:00 | AL48: 7.29 | AM48: 8/30/2019 16:56:00 | AN48: 93.29 | AO48: 8/30/2019 16:56:00 | AP48: 120 | AQ48: 8/30/2019 16:56:00 | AR48: 10.9 | AS48: 8/30/2019 16:56:00 | AT48: 1160 | AU48: 8/30/2019 16:56:00 | AV48: 139.67 | AW48: 8/30/2019 16:56:00 | AX48: 119.3 | AY48: 8/30/2019 16:56:00 | AZ48: 4.03 | BA48: 8/30/2019 16:56:00 | BB48: 152.77 | BC48: 8/30/2019 16:56:00 | BD48: 18.35 | BE48: 8/30/2019 16:56:00 | BF48: 17.49 | BG48: 8/30/2019 16:56:00 | BH48: 36.2 | BI48: 8/30/2019 16:56:00 | BJ48: 158.2 | BK48: 8/30/2019 16:56:00 | BL48: 22.5 | BM48: 8/30/2019 16:56:00 | BN48: 44.8 | BO48: 8/30/2019 16:56:00 | BP48: 25.5 | BQ48: 8/30/2019 16:56:00 | BR48: 16.9 | BS48: 8/30/2019 16:56:00 | BT48: 11.95 | BU48: 8/30/2019 16:56:00 | BV48: 101134,61 | BW48: 8/30/2019 16:56:00 | BX48: 27,82
B49: 49 | C49: 9/2/2019 16:56:00 | D49: 18.12 | E49: 9/2/2019 16:56:00 | F49: 32.65 | G49: 9/2/2019 16:56:00 | H49: 44.25 | I49: 9/2/2019 16:56:00 | J49: 10.96 | K49: 9/2/2019 16:56:00 | L49: 20.15 | M49: 9/2/2019 16:56:00 | N49: 12.14 | O49: 9/2/2019 16:56:00 | P49: 29.32 | Q49: 9/2/2019 16:56:00 | R49: 23.93 | S49: 9/2/2019 16:56:00 | T49: 19.9 | U49: 9/2/2019 16:56:00 | V49: 5.63 | W49: 9/2/2019 16:56:00 | X49: 116.99 | Y49: 9/2/2019 16:56:00 | Z49: 27.98 | AA49: 9/2/2019 16:56:00 | AB49: 24.75 | AC49: 9/2/2019 16:56:00 | AD49: 17.59 | AE49: 9/2/2019 16:56:00 | AF49: 29.5 | AG49: 9/2/2019 16:56:00 | AH49: 46.01 | AI49: 9/2/2019 16:56:00 | AJ49: 45.6 | AK49: 9/2/2019 16:56:00 | AL49: 7.39 | AM49: 9/2/2019 16:56:00 | AN49: 92.99 | AO49: 9/2/2019 16:56:00 | AP49: 118.85 | AQ49: 9/2/2019 16:56:00 | AR49: 10.83 | AS49: 9/2/2019 16:56:00 | AT49: 1145.71 | AU49: 9/2/2019 16:56:00 | AV49: 140.49 | AW49: 9/2/2019 16:56:00 | AX49: 117.36 | AY49: 9/2/2019 16:56:00 | AZ49: 4.09 | BA49: 9/2/2019 16:56:00 | BB49: 152 | BC49: 9/2/2019 16:56:00 | BD49: 18.75 | BE49: 9/2/2019 16:56:00 | BF49: 20.63 | BG49: 9/2/2019 16:56:00 | BH49: 35.81 | BI49: 9/2/2019 16:56:00 | BJ49: 155.5 | BK49: 9/2/2019 16:56:00 | BL49: 22.78 | BM49: 9/2/2019 16:56:00 | BN49: 43.94 | BO49: 9/2/2019 16:56:00 | BP49: 25.3 | BQ49: 9/2/2019 16:56:00 | BR49: 16.65 | BS49: 9/2/2019 16:56:00 | BT49: 12.25 | BU49: 9/2/2019 16:56:00 | BV49: 100625,74 | BW49: 9/2/2019 16:56:00 | BX49: 27,7
B50: 50 | C50: 9/3/2019 16:56:00 | D50: 18.53 | E50: 9/3/2019 16:56:00 | F50: 32.22 | G50: 9/3/2019 16:56:00 | H50: 43.94 | I50: 9/3/2019 16:56:00 | J50: 11.25 | K50: 9/3/2019 16:56:00 | L50: 19.83 | M50: 9/3/2019 16:56:00 | N50: 11.95 | O50: 9/3/2019 16:56:00 | P50: 28.89 | Q50: 9/3/2019 16:56:00 | R50: 24.34 | S50: 9/3/2019 16:56:00 | T50: 18.94 | U50: 9/3/2019 16:56:00 | V50: 5.57 | W50: 9/3/2019 16:56:00 | X50: 117 | Y50: 9/3/2019 16:56:00 | Z50: 28 | AA50: 9/3/2019 16:56:00 | AB50: 24.5 | AC50: 9/3/2019 16:56:00 | AD50: 17.84 | AE50: 9/3/2019 16:56:00 | AF50: 29.57 | AG50: 9/3/2019 16:56:00 | AH50: 45.52 | AI50: 9/3/2019 16:56:00 | AJ50: 45.55 | AK50: 9/3/2019 16:56:00 | AL50: 7.25 | AM50: 9/3/2019 16:56:00 | AN50: 92.9 | AO50: 9/3/2019 16:56:00 | AP50: 121 | AQ50: 9/3/2019 16:56:00 | AR50: 10.88 | AS50: 9/3/2019 16:56:00 | AT50: 1155.2 | AU50: 9/3/2019 16:56:00 | AV50: 139.51 | AW50: 9/3/2019 16:56:00 | AX50: 117.64 | AY50: 9/3/2019 16:56:00 | AZ50: 4.14 | BA50: 9/3/2019 16:56:00 | BB50: 152.6 | BC50: 9/3/2019 16:56:00 | BD50: 18.27 | BE50: 9/3/2019 16:56:00 | BF50: 19.75 | BG50: 9/3/2019 16:56:00 | BH50: 35.52 | BI50: 9/3/2019 16:56:00 | BJ50: 156 | BK50: 9/3/2019 16:56:00 | BL50: 22.19 | BM50: 9/3/2019 16:56:00 | BN50: 43.75 | BO50: 9/3/2019 16:56:00 | BP50: 25.6 | BQ50: 9/3/2019 16:56:00 | BR50: 16.85 | BS50: 9/3/2019 16:56:00 | BT50: 12.24 | BU50: 9/3/2019 16:56:00 | BV50: 99680,83 | BW50: 9/3/2019 16:56:00 | BX50: 27,75
B51: 51 | C51: 9/4/2019 16:56:00 | D51: 18.43 | E51: 9/4/2019 16:56:00 | F51: 32.62 | G51: 9/4/2019 16:56:00 | H51: 44.22 | I51: 9/4/2019 16:56:00 | J51: 11.59 | K51: 9/4/2019 16:56:00 | L51: 19.82 | M51: 9/4/2019 16:56:00 | N51: 12.14 | O51: 9/4/2019 16:56:00 | P51: 28.88 | Q51: 9/4/2019 16:56:00 | R51: 24.5 | S51: 9/4/2019 16:56:00 | T51: 17.72 | U51: 9/4/2019 16:56:00 | V51: 5.68 | W51: 9/4/2019 16:56:00 | X51: 115.99 | Y51: 9/4/2019 16:56:00 | Z51: 28.5 | AA51: 9/4/2019 16:56:00 | AB51: 24.9 | AC51: 9/4/2019 16:56:00 | AD51: 17.85 | AE51: 9/4/2019 16:56:00 | AF51: 31.11 | AG51: 9/4/2019 16:56:00 | AH51: 46.52 | AI51: 9/4/2019 16:56:00 | AJ51: 46.19 | AK51: 9/4/2019 16:56:00 | AL51: 7.19 | AM51: 9/4/2019 16:56:00 | AN51: 93.6 | AO51: 9/4/2019 16:56:00 | AP51: 121.48 | AQ51: 9/4/2019 16:56:00 | AR51: 10.81 | AS51: 9/4/2019 16:56:00 | AT51: 1165 | AU51: 9/4/2019 16:56:00 | AV51: 139.82 | AW51: 9/4/2019 16:56:00 | AX51: 117.2 | AY51: 9/4/2019 16:56:00 | AZ51: 4.17 | BA51: 9/4/2019 16:56:00 | BB51: 153.4 | BC51: 9/4/2019 16:56:00 | BD51: 18.13 | BE51: 9/4/2019 16:56:00 | BF51: 19.38 | BG51: 9/4/2019 16:56:00 | BH51: 36.7 | BI51: 9/4/2019 16:56:00 | BJ51: 156.3 | BK51: 9/4/2019 16:56:00 | BL51: 22.63 | BM51: 9/4/2019 16:56:00 | BN51: 44.63 | BO51: 9/4/2019 16:56:00 | BP51: 26.26 | BQ51: 9/4/2019 16:56:00 | BR51: 16.92 | BS51: 9/4/2019 16:56:00 | BT51: 12.16 | BU51: 9/4/2019 16:56:00 | BV51: 101200,89 | BW51: 9/4/2019 16:56:00 | BX51: 27,7
B52: 52 | C52: 9/5/2019 16:56:00 | D52: 18.75 | E52: 9/5/2019 16:56:00 | F52: 32.82 | G52: 9/5/2019 16:56:00 | H52: 44.69 | I52: 9/5/2019 16:56:00 | J52: 11.21 | K52: 9/5/2019 16:56:00 | L52: 19.88 | M52: 9/5/2019 16:56:00 | N52: 12.58 | O52: 9/5/2019 16:56:00 | P52: 29.8 | Q52: 9/5/2019 16:56:00 | R52: 24.69 | S52: 9/5/2019 16:56:00 | T52: 17.97 | U52: 9/5/2019 16:56:00 | V52: 5.75 | W52: 9/5/2019 16:56:00 | X52: 116.75 | Y52: 9/5/2019 16:56:00 | Z52: 28.4 | AA52: 9/5/2019 16:56:00 | AB52: 24.96 | AC52: 9/5/2019 16:56:00 | AD52: 18.05 | AE52: 9/5/2019 16:56:00 | AF52: 30.91 | AG52: 9/5/2019 16:56:00 | AH52: 46.52 | AI52: 9/5/2019 16:56:00 | AJ52: 46.69 | AK52: 9/5/2019 16:56:00 | AL52: 7.31 | AM52: 9/5/2019 16:56:00 | AN52: 93.85 | AO52: 9/5/2019 16:56:00 | AP52: 121.2 | AQ52: 9/5/2019 16:56:00 | AR52: 10.9 | AS52: 9/5/2019 16:56:00 | AT52: 1185 | AU52: 9/5/2019 16:56:00 | AV52: 140.5 | AW52: 9/5/2019 16:56:00 | AX52: 117 | AY52: 9/5/2019 16:56:00 | AZ52: 4.16 | BA52: 9/5/2019 16:56:00 | BB52: 153.98 | BC52: 9/5/2019 16:56:00 | BD52: 17.67 | BE52: 9/5/2019 16:56:00 | BF52: 19.18 | BG52: 9/5/2019 16:56:00 | BH52: 36.79 | BI52: 9/5/2019 16:56:00 | BJ52: 156.5 | BK52: 9/5/2019 16:56:00 | BL52: 22.78 | BM52: 9/5/2019 16:56:00 | BN52: 45.3 | BO52: 9/5/2019 16:56:00 | BP52: 26.39 | BQ52: 9/5/2019 16:56:00 | BR52: 16.85 | BS52: 9/5/2019 16:56:00 | BT52: 12.16 | BU52: 9/5/2019 16:56:00 | BV52: 102243 | BW52: 9/5/2019 16:56:00 | BX52: 27,7
B53: 53 | C53: 9/6/2019 16:56:00 | D53: 18.74 | E53: 9/6/2019 16:56:00 | F53: 32.73 | G53: 9/6/2019 16:56:00 | H53: 44 | I53: 9/6/2019 16:56:00 | J53: 11.49 | K53: 9/6/2019 16:56:00 | L53: 19.71 | M53: 9/6/2019 16:56:00 | N53: 12.95 | O53: 9/6/2019 16:56:00 | P53: 30.68 | Q53: 9/6/2019 16:56:00 | R53: 24.5 | S53: 9/6/2019 16:56:00 | T53: 17.45 | U53: 9/6/2019 16:56:00 | V53: 5.67 | W53: 9/6/2019 16:56:00 | X53: 117 | Y53: 9/6/2019 16:56:00 | Z53: 28.36 | AA53: 9/6/2019 16:56:00 | AB53: 24.7 | AC53: 9/6/2019 16:56:00 | AD53: 18.1 | AE53: 9/6/2019 16:56:00 | AF53: 31.29 | AG53: 9/6/2019 16:56:00 | AH53: 46.45 | AI53: 9/6/2019 16:56:00 | AJ53: 46.23 | AK53: 9/6/2019 16:56:00 | AL53: 7.32 | AM53: 9/6/2019 16:56:00 | AN53: 93.4 | AO53: 9/6/2019 16:56:00 | AP53: 120.9 | AQ53: 9/6/2019 16:56:00 | AR53: 10.89 | AS53: 9/6/2019 16:56:00 | AT53: 1178.98 | AU53: 9/6/2019 16:56:00 | AV53: 140.61 | AW53: 9/6/2019 16:56:00 | AX53: 116.95 | AY53: 9/6/2019 16:56:00 | AZ53: 4.15 | BA53: 9/6/2019 16:56:00 | BB53: 154.6 | BC53: 9/6/2019 16:56:00 | BD53: 17.78 | BE53: 9/6/2019 16:56:00 | BF53: 18.3 | BG53: 9/6/2019 16:56:00 | BH53: 36.03 | BI53: 9/6/2019 16:56:00 | BJ53: 156.4 | BK53: 9/6/2019 16:56:00 | BL53: 22.84 | BM53: 9/6/2019 16:56:00 | BN53: 45.9 | BO53: 9/6/2019 16:56:00 | BP53: 26.52 | BQ53: 9/6/2019 16:56:00 | BR53: 17.02 | BS53: 9/6/2019 16:56:00 | BT53: 12.09 | BU53: 9/6/2019 16:56:00 | BV53: 102935,43 | BW53: 9/6/2019 16:56:00 | BX53: 27,75
B54: 54 | C54: 9/9/2019 16:56:00 | D54: 18.37 | E54: 9/9/2019 16:56:00 | F54: 32.43 | G54: 9/9/2019 16:56:00 | H54: 43.75 | I54: 9/9/2019 16:56:00 | J54: 11.39 | K54: 9/9/2019 16:56:00 | L54: 19.24 | M54: 9/9/2019 16:56:00 | N54: 13.11 | O54: 9/9/2019 16:56:00 | P54: 31.19 | Q54: 9/9/2019 16:56:00 | R54: 24.4 | S54: 9/9/2019 16:56:00 | T54: 16.83 | U54: 9/9/2019 16:56:00 | V54: 5.54 | W54: 9/9/2019 16:56:00 | X54: 116.96 | Y54: 9/9/2019 16:56:00 | Z54: 28.1 | AA54: 9/9/2019 16:56:00 | AB54: 24.31 | AC54: 9/9/2019 16:56:00 | AD54: 18.16 | AE54: 9/9/2019 16:56:00 | AF54: 31.49 | AG54: 9/9/2019 16:56:00 | AH54: 47.89 | AI54: 9/9/2019 16:56:00 | AJ54: 44.99 | AK54: 9/9/2019 16:56:00 | AL54: 7.17 | AM54: 9/9/2019 16:56:00 | AN54: 92.31 | AO54: 9/9/2019 16:56:00 | AP54: 120 | AQ54: 9/9/2019 16:56:00 | AR54: 10.87 | AS54: 9/9/2019 16:56:00 | AT54: 1184.99 | AU54: 9/9/2019 16:56:00 | AV54: 139.8 | AW54: 9/9/2019 16:56:00 | AX54: 117.25 | AY54: 9/9/2019 16:56:00 | AZ54: 4.17 | BA54: 9/9/2019 16:56:00 | BB54: 154.5 | BC54: 9/9/2019 16:56:00 | BD54: 17.03 | BE54: 9/9/2019 16:56:00 | BF54: 17.24 | BG54: 9/9/2019 16:56:00 | BH54: 36.32 | BI54: 9/9/2019 16:56:00 | BJ54: 156.5 | BK54: 9/9/2019 16:56:00 | BL54: 22.58 | BM54: 9/9/2019 16:56:00 | BN54: 43.82 | BO54: 9/9/2019 16:56:00 | BP54: 26.93 | BQ54: 9/9/2019 16:56:00 | BR54: 17.03 | BS54: 9/9/2019 16:56:00 | BT54: 11.77 | BU54: 9/9/2019 16:56:00 | BV54: 103180,59 | BW54: 9/9/2019 16:56:00 | BX54: 27,5
B55: 55 | C55: 9/10/2019 16:56:00 | D55: 18.11 | E55: 9/10/2019 16:56:00 | F55: 32.72 | G55: 9/10/2019 16:56:00 | H55: 43.61 | I55: 9/10/2019 16:56:00 | J55: 11.56 | K55: 9/10/2019 16:56:00 | L55: 19.3 | M55: 9/10/2019 16:56:00 | N55: 12.98 | O55: 9/10/2019 16:56:00 | P55: 30.89 | Q55: 9/10/2019 16:56:00 | R55: 24.81 | S55: 9/10/2019 16:56:00 | T55: 16.97 | U55: 9/10/2019 16:56:00 | V55: 5.53 | W55: 9/10/2019 16:56:00 | X55: 117.25 | Y55: 9/10/2019 16:56:00 | Z55: 27.88 | AA55: 9/10/2019 16:56:00 | AB55: 24.61 | AC55: 9/10/2019 16:56:00 | AD55: 18.3 | AE55: 9/10/2019 16:56:00 | AF55: 31.25 | AG55: 9/10/2019 16:56:00 | AH55: 48.24 | AI55: 9/10/2019 16:56:00 | AJ55: 44.65 | AK55: 9/10/2019 16:56:00 | AL55: 7.29 | AM55: 9/10/2019 16:56:00 | AN55: 92.65 | AO55: 9/10/2019 16:56:00 | AP55: 117.21 | AQ55: 9/10/2019 16:56:00 | AR55: 10.8 | AS55: 9/10/2019 16:56:00 | AT55: 1177.1 | AU55: 9/10/2019 16:56:00 | AV55: 139.99 | AW55: 9/10/2019 16:56:00 | AX55: 116.5 | AY55: 9/10/2019 16:56:00 | AZ55: 4.16 | BA55: 9/10/2019 16:56:00 | BB55: 154.3 | BC55: 9/10/2019 16:56:00 | BD55: 17.25 | BE55: 9/10/2019 16:56:00 | BF55: 18 | BG55: 9/10/2019 16:56:00 | BH55: 36.85 | BI55: 9/10/2019 16:56:00 | BJ55: 155.78 | BK55: 9/10/2019 16:56:00 | BL55: 22.93 | BM55: 9/10/2019 16:56:00 | BN55: 43.9 | BO55: 9/10/2019 16:56:00 | BP55: 27.1 | BQ55: 9/10/2019 16:56:00 | BR55: 16.93 | BS55: 9/10/2019 16:56:00 | BT55: 11.85 | BU55: 9/10/2019 16:56:00 | BV55: 103031,5 | BW55: 9/10/2019 16:56:00 | BX55: 27,1
B56: 56 | C56: 9/11/2019 16:56:00 | D56: 18.35 | E56: 9/11/2019 16:56:00 | F56: 33.49 | G56: 9/11/2019 16:56:00 | H56: 44.37 | I56: 9/11/2019 16:56:00 | J56: 11.83 | K56: 9/11/2019 16:56:00 | L56: 19.66 | M56: 9/11/2019 16:56:00 | N56: 12.94 | O56: 9/11/2019 16:56:00 | P56: 30.8 | Q56: 9/11/2019 16:56:00 | R56: 25.16 | S56: 9/11/2019 16:56:00 | T56: 18.5 | U56: 9/11/2019 16:56:00 | V56: 5.68 | W56: 9/11/2019 16:56:00 | X56: 117.25 | Y56: 9/11/2019 16:56:00 | Z56: 28.68 | AA56: 9/11/2019 16:56:00 | AB56: 25.15 | AC56: 9/11/2019 16:56:00 | AD56: 17.82 | AE56: 9/11/2019 16:56:00 | AF56: 31.81 | AG56: 9/11/2019 16:56:00 | AH56: 47.95 | AI56: 9/11/2019 16:56:00 | AJ56: 44.46 | AK56: 9/11/2019 16:56:00 | AL56: 7.49 | AM56: 9/11/2019 16:56:00 | AN56: 92.5 | AO56: 9/11/2019 16:56:00 | AP56: 119.18 | AQ56: 9/11/2019 16:56:00 | AR56: 10.89 | AS56: 9/11/2019 16:56:00 | AT56: 1175.77 | AU56: 9/11/2019 16:56:00 | AV56: 140.03 | AW56: 9/11/2019 16:56:00 | AX56: 116.5 | AY56: 9/11/2019 16:56:00 | AZ56: 4.18 | BA56: 9/11/2019 16:56:00 | BB56: 154.3 | BC56: 9/11/2019 16:56:00 | BD56: 17.63 | BE56: 9/11/2019 16:56:00 | BF56: 17.63 | BG56: 9/11/2019 16:56:00 | BH56: 36.38 | BI56: 9/11/2019 16:56:00 | BJ56: 155.35 | BK56: 9/11/2019 16:56:00 | BL56: 23.08 | BM56: 9/11/2019 16:56:00 | BN56: 44.53 | BO56: 9/11/2019 16:56:00 | BP56: 26.87 | BQ56: 9/11/2019 16:56:00 | BR56: 17.15 | BS56: 9/11/2019 16:56:00 | BT56: 12.2 | BU56: 9/11/2019 16:56:00 | BV56: 103445,6 | BW56: 9/11/2019 16:56:00 | BX56: 27,59
B57: 57 | C57: 9/12/2019 16:56:00 | D57: 18.29 | E57: 9/12/2019 16:56:00 | F57: 33.89 | G57: 9/12/2019 16:56:00 | H57: 44.67 | I57: 9/12/2019 16:56:00 | J57: 12.03 | K57: 9/12/2019 16:56:00 | L57: 19.74 | M57: 9/12/2019 16:56:00 | N57: 13.11 | O57: 9/12/2019 16:56:00 | P57: 30.73 | Q57: 9/12/2019 16:56:00 | R57: 24.43 | S57: 9/12/2019 16:56:00 | T57: 18.15 | U57: 9/12/2019 16:56:00 | V57: 5.58 | W57: 9/12/2019 16:56:00 | X57: 117 | Y57: 9/12/2019 16:56:00 | Z57: 29 | AA57: 9/12/2019 16:56:00 | AB57: 25.75 | AC57: 9/12/2019 16:56:00 | AD57: 18.3 | AE57: 9/12/2019 16:56:00 | AF57: 31.87 | AG57: 9/12/2019 16:56:00 | AH57: 49.69 | AI57: 9/12/2019 16:56:00 | AJ57: 44.32 | AK57: 9/12/2019 16:56:00 | AL57: 7.67 | AM57: 9/12/2019 16:56:00 | AN57: 92.66 | AO57: 9/12/2019 16:56:00 | AP57: 119.5 | AQ57: 9/12/2019 16:56:00 | AR57: 10.89 | AS57: 9/12/2019 16:56:00 | AT57: 1179.99 | AU57: 9/12/2019 16:56:00 | AV57: 140.3 | AW57: 9/12/2019 16:56:00 | AX57: 116.83 | AY57: 9/12/2019 16:56:00 | AZ57: 4.18 | BA57: 9/12/2019 16:56:00 | BB57: 153.75 | BC57: 9/12/2019 16:56:00 | BD57: 17.65 | BE57: 9/12/2019 16:56:00 | BF57: 18.25 | BG57: 9/12/2019 16:56:00 | BH57: 36.46 | BI57: 9/12/2019 16:56:00 | BJ57: 155.5 | BK57: 9/12/2019 16:56:00 | BL57: 23.05 | BM57: 9/12/2019 16:56:00 | BN57: 44.48 | BO57: 9/12/2019 16:56:00 | BP57: 27.06 | BQ57: 9/12/2019 16:56:00 | BR57: 17.12 | BS57: 9/12/2019 16:56:00 | BT57: 12.3 | BU57: 9/12/2019 16:56:00 | BV57: 104370,91 | BW57: 9/12/2019 16:56:00 | BX57: 28,41
B58: 58 | C58: 9/13/2019 16:56:00 | D58: 18.25 | E58: 9/13/2019 16:56:00 | F58: 33.64 | G58: 9/13/2019 16:56:00 | H58: 44.02 | I58: 9/13/2019 16:56:00 | J58: 11.55 | K58: 9/13/2019 16:56:00 | L58: 19.38 | M58: 9/13/2019 16:56:00 | N58: 13.16 | O58: 9/13/2019 16:56:00 | P58: 31 | Q58: 9/13/2019 16:56:00 | R58: 24.52 | S58: 9/13/2019 16:56:00 | T58: 17.7 | U58: 9/13/2019 16:56:00 | V58: 5.6 | W58: 9/13/2019 16:56:00 | X58: 117.75 | Y58: 9/13/2019 16:56:00 | Z58: 28.66 | AA58: 9/13/2019 16:56:00 | AB58: 24.92 | AC58: 9/13/2019 16:56:00 | AD58: 18.04 | AE58: 9/13/2019 16:56:00 | AF58: 31.39 | AG58: 9/13/2019 16:56:00 | AH58: 49.79 | AI58: 9/13/2019 16:56:00 | AJ58: 43.26 | AK58: 9/13/2019 16:56:00 | AL58: 7.63 | AM58: 9/13/2019 16:56:00 | AN58: 93.38 | AO58: 9/13/2019 16:56:00 | AP58: 119.5 | AQ58: 9/13/2019 16:56:00 | AR58: 10.9 | AS58: 9/13/2019 16:56:00 | AT58: 1184.4 | AU58: 9/13/2019 16:56:00 | AV58: 140.3 | AW58: 9/13/2019 16:56:00 | AX58: 116.9 | AY58: 9/13/2019 16:56:00 | AZ58: 4.18 | BA58: 9/13/2019 16:56:00 | BB58: 154.3 | BC58: 9/13/2019 16:56:00 | BD58: 17.45 | BE58: 9/13/2019 16:56:00 | BF58: 18.25 | BG58: 9/13/2019 16:56:00 | BH58: 35.71 | BI58: 9/13/2019 16:56:00 | BJ58: 155.76 | BK58: 9/13/2019 16:56:00 | BL58: 23.72 | BM58: 9/13/2019 16:56:00 | BN58: 43 | BO58: 9/13/2019 16:56:00 | BP58: 26.88 | BQ58: 9/13/2019 16:56:00 | BR58: 17.03 | BS58: 9/13/2019 16:56:00 | BT58: 12.22 | BU58: 9/13/2019 16:56:00 | BV58: 103501,18 | BW58: 9/13/2019 16:56:00 | BX58: 28,36
B59: 59 | C59: 9/16/2019 16:56:00 | D59: 18.12 | E59: 9/16/2019 16:56:00 | F59: 33.43 | G59: 9/16/2019 16:56:00 | H59: 44.42 | I59: 9/16/2019 16:56:00 | J59: 12 | K59: 9/16/2019 16:56:00 | L59: 19.3 | M59: 9/16/2019 16:56:00 | N59: 13.12 | O59: 9/16/2019 16:56:00 | P59: 30.31 | Q59: 9/16/2019 16:56:00 | R59: 24.53 | S59: 9/16/2019 16:56:00 | T59: 17.41 | U59: 9/16/2019 16:56:00 | V59: 5.54 | W59: 9/16/2019 16:56:00 | X59: 117 | Y59: 9/16/2019 16:56:00 | Z59: 28.49 | AA59: 9/16/2019 16:56:00 | AB59: 24.9 | AC59: 9/16/2019 16:56:00 | AD59: 17.77 | AE59: 9/16/2019 16:56:00 | AF59: 31.45 | AG59: 9/16/2019 16:56:00 | AH59: 48.59 | AI59: 9/16/2019 16:56:00 | AJ59: 43.8 | AK59: 9/16/2019 16:56:00 | AL59: 7.51 | AM59: 9/16/2019 16:56:00 | AN59: 92.93 | AO59: 9/16/2019 16:56:00 | AP59: 118.5 | AQ59: 9/16/2019 16:56:00 | AR59: 10.9 | AS59: 9/16/2019 16:56:00 | AT59: 1179.51 | AU59: 9/16/2019 16:56:00 | AV59: 140.4 | AW59: 9/16/2019 16:56:00 | AX59: 116.98 | AY59: 9/16/2019 16:56:00 | AZ59: 4.21 | BA59: 9/16/2019 16:56:00 | BB59: 153.75 | BC59: 9/16/2019 16:56:00 | BD59: 17.37 | BE59: 9/16/2019 16:56:00 | BF59: 17.98 | BG59: 9/16/2019 16:56:00 | BH59: 35.6 | BI59: 9/16/2019 16:56:00 | BJ59: 156.24 | BK59: 9/16/2019 16:56:00 | BL59: 23.24 | BM59: 9/16/2019 16:56:00 | BN59: 43.07 | BO59: 9/16/2019 16:56:00 | BP59: 28.06 | BQ59: 9/16/2019 16:56:00 | BR59: 17.49 | BS59: 9/16/2019 16:56:00 | BT59: 12.18 | BU59: 9/16/2019 16:56:00 | BV59: 103680,41 | BW59: 9/16/2019 16:56:00 | BX59: 27,61
B60: 60 | C60: 9/17/2019 16:56:00 | D60: 18.16 | E60: 9/17/2019 16:56:00 | F60: 33.72 | G60: 9/17/2019 16:56:00 | H60: 43.9 | I60: 9/17/2019 16:56:00 | J60: 11.7 | K60: 9/17/2019 16:56:00 | L60: 19.49 | M60: 9/17/2019 16:56:00 | N60: 13.18 | O60: 9/17/2019 16:56:00 | P60: 30.63 | Q60: 9/17/2019 16:56:00 | R60: 24.37 | S60: 9/17/2019 16:56:00 | T60: 18.65 | U60: 9/17/2019 16:56:00 | V60: 5.55 | W60: 9/17/2019 16:56:00 | X60: 117 | Y60: 9/17/2019 16:56:00 | Z60: 28.84 | AA60: 9/17/2019 16:56:00 | AB60: 25.25 | AC60: 9/17/2019 16:56:00 | AD60: 17.61 | AE60: 9/17/2019 16:56:00 | AF60: 31.25 | AG60: 9/17/2019 16:56:00 | AH60: 48.9 | AI60: 9/17/2019 16:56:00 | AJ60: 43.92 | AK60: 9/17/2019 16:56:00 | AL60: 7.61 | AM60: 9/17/2019 16:56:00 | AN60: 93 | AO60: 9/17/2019 16:56:00 | AP60: 119.18 | AQ60: 9/17/2019 16:56:00 | AR60: 10.89 | AS60: 9/17/2019 16:56:00 | AT60: 1197.02 | AU60: 9/17/2019 16:56:00 | AV60: 142.21 | AW60: 9/17/2019 16:56:00 | AX60: 118.14 | AY60: 9/17/2019 16:56:00 | AZ60: 4.22 | BA60: 9/17/2019 16:56:00 | BB60: 154.25 | BC60: 9/17/2019 16:56:00 | BD60: 17.57 | BE60: 9/17/2019 16:56:00 | BF60: 17.42 | BG60: 9/17/2019 16:56:00 | BH60: 35.02 | BI60: 9/17/2019 16:56:00 | BJ60: 156.07 | BK60: 9/17/2019 16:56:00 | BL60: 23.8 | BM60: 9/17/2019 16:56:00 | BN60: 44.12 | BO60: 9/17/2019 16:56:00 | BP60: 27.69 | BQ60: 9/17/2019 16:56:00 | BR60: 17.09 | BS60: 9/17/2019 16:56:00 | BT60: 12.22 | BU60: 9/17/2019 16:56:00 | BV60: 104616,86 | BW60: 9/17/2019 16:56:00 | BX60: 28,05
B61: 61 | C61: 9/18/2019 16:56:00 | D61: 18.2 | E61: 9/18/2019 16:56:00 | F61: 33.95 | G61: 9/18/2019 16:56:00 | H61: 43.97 | I61: 9/18/2019 16:56:00 | J61: 11.96 | K61: 9/18/2019 16:56:00 | L61: 19.42 | M61: 9/18/2019 16:56:00 | N61: 13.2 | O61: 9/18/2019 16:56:00 | P61: 30.74 | Q61: 9/18/2019 16:56:00 | R61: 24.7 | S61: 9/18/2019 16:56:00 | T61: 18.22 | U61: 9/18/2019 16:56:00 | V61: 5.62 | W61: 9/18/2019 16:56:00 | X61: 116.49 | Y61: 9/18/2019 16:56:00 | Z61: 29 | AA61: 9/18/2019 16:56:00 | AB61: 25.35 | AC61: 9/18/2019 16:56:00 | AD61: 17.73 | AE61: 9/18/2019 16:56:00 | AF61: 31.4 | AG61: 9/18/2019 16:56:00 | AH61: 48.4 | AI61: 9/18/2019 16:56:00 | AJ61: 43.96 | AK61: 9/18/2019 16:56:00 | AL61: 7.61 | AM61: 9/18/2019 16:56:00 | AN61: 92.29 | AO61: 9/18/2019 16:56:00 | AP61: 117.5 | AQ61: 9/18/2019 16:56:00 | AR61: 10.9 | AS61: 9/18/2019 16:56:00 | AT61: 1180 | AU61: 9/18/2019 16:56:00 | AV61: 141.44 | AW61: 9/18/2019 16:56:00 | AX61: 118.7 | AY61: 9/18/2019 16:56:00 | AZ61: 4.25 | BA61: 9/18/2019 16:56:00 | BB61: 153.99 | BC61: 9/18/2019 16:56:00 | BD61: 17.6 | BE61: 9/18/2019 16:56:00 | BF61: 16.87 | BG61: 9/18/2019 16:56:00 | BH61: 35 | BI61: 9/18/2019 16:56:00 | BJ61: 155.8 | BK61: 9/18/2019 16:56:00 | BL61: 24 | BM61: 9/18/2019 16:56:00 | BN61: 44.92 | BO61: 9/18/2019 16:56:00 | BP61: 27.22 | BQ61: 9/18/2019 16:56:00 | BR61: 17.6 | BS61: 9/18/2019 16:56:00 | BT61: 12.22 | BU61: 9/18/2019 16:56:00 | BV61: 104531,93 | BW61: 9/18/2019 16:56:00 | BX61: 28,5
B62: 62 | C62: 9/19/2019 16:56:00 | D62: 18.19 | E62: 9/19/2019 16:56:00 | F62: 34.37 | G62: 9/19/2019 16:56:00 | H62: 45.17 | I62: 9/19/2019 16:56:00 | J62: 11.95 | K62: 9/19/2019 16:56:00 | L62: 19.62 | M62: 9/19/2019 16:56:00 | N62: 13.08 | O62: 9/19/2019 16:56:00 | P62: 29.8 | Q62: 9/19/2019 16:56:00 | R62: 24.44 | S62: 9/19/2019 16:56:00 | T62: 18.3 | U62: 9/19/2019 16:56:00 | V62: 5.63 | W62: 9/19/2019 16:56:00 | X62: 117 | Y62: 9/19/2019 16:56:00 | Z62: 29.35 | AA62: 9/19/2019 16:56:00 | AB62: 25.27 | AC62: 9/19/2019 16:56:00 | AD62: 17.82 | AE62: 9/19/2019 16:56:00 | AF62: 30.87 | AG62: 9/19/2019 16:56:00 | AH62: 48.32 | AI62: 9/19/2019 16:56:00 | AJ62: 44.41 | AK62: 9/19/2019 16:56:00 | AL62: 7.78 | AM62: 9/19/2019 16:56:00 | AN62: 93 | AO62: 9/19/2019 16:56:00 | AP62: 118.25 | AQ62: 9/19/2019 16:56:00 | AR62: 10.9 | AS62: 9/19/2019 16:56:00 | AT62: 1180 | AU62: 9/19/2019 16:56:00 | AV62: 140.93 | AW62: 9/19/2019 16:56:00 | AX62: 118.7 | AY62: 9/19/2019 16:56:00 | AZ62: 4.26 | BA62: 9/19/2019 16:56:00 | BB62: 153.8 | BC62: 9/19/2019 16:56:00 | BD62: 17.92 | BE62: 9/19/2019 16:56:00 | BF62: 16.23 | BG62: 9/19/2019 16:56:00 | BH62: 35.45 | BI62: 9/19/2019 16:56:00 | BJ62: 156.2 | BK62: 9/19/2019 16:56:00 | BL62: 23.69 | BM62: 9/19/2019 16:56:00 | BN62: 44.58 | BO62: 9/19/2019 16:56:00 | BP62: 27.29 | BQ62: 9/19/2019 16:56:00 | BR62: 18.12 | BS62: 9/19/2019 16:56:00 | BT62: 12.23 | BU62: 9/19/2019 16:56:00 | BV62: 104339,16 | BW62: 9/19/2019 16:56:00 | BX62: 28,65
B63: 63 | C63: 9/20/2019 16:56:00 | D63: 18.11 | E63: 9/20/2019 16:56:00 | F63: 34.65 | G63: 9/20/2019 16:56:00 | H63: 44.89 | I63: 9/20/2019 16:56:00 | J63: 12.11 | K63: 9/20/2019 16:56:00 | L63: 19.25 | M63: 9/20/2019 16:56:00 | N63: 13.24 | O63: 9/20/2019 16:56:00 | P63: 30.14 | Q63: 9/20/2019 16:56:00 | R63: 24.2 | S63: 9/20/2019 16:56:00 | T63: 18.3 | U63: 9/20/2019 16:56:00 | V63: 5.6 | W63: 9/20/2019 16:56:00 | X63: 117 | Y63: 9/20/2019 16:56:00 | Z63: 28.8 | AA63: 9/20/2019 16:56:00 | AB63: 24.93 | AC63: 9/20/2019 16:56:00 | AD63: 17.91 | AE63: 9/20/2019 16:56:00 | AF63: 30.59 | AG63: 9/20/2019 16:56:00 | AH63: 48.42 | AI63: 9/20/2019 16:56:00 | AJ63: 44.74 | AK63: 9/20/2019 16:56:00 | AL63: 7.62 | AM63: 9/20/2019 16:56:00 | AN63: 92.95 | AO63: 9/20/2019 16:56:00 | AP63: 118.95 | AQ63: 9/20/2019 16:56:00 | AR63: 10.89 | AS63: 9/20/2019 16:56:00 | AT63: 1196.82 | AU63: 9/20/2019 16:56:00 | AV63: 140.32 | AW63: 9/20/2019 16:56:00 | AX63: 119.15 | AY63: 9/20/2019 16:56:00 | AZ63: 4.27 | BA63: 9/20/2019 16:56:00 | BB63: 153.49 | BC63: 9/20/2019 16:56:00 | BD63: 17.55 | BE63: 9/20/2019 16:56:00 | BF63: 16 | BG63: 9/20/2019 16:56:00 | BH63: 36.15 | BI63: 9/20/2019 16:56:00 | BJ63: 156.6 | BK63: 9/20/2019 16:56:00 | BL63: 24.4 | BM63: 9/20/2019 16:56:00 | BN63: 45.32 | BO63: 9/20/2019 16:56:00 | BP63: 27 | BQ63: 9/20/2019 16:56:00 | BR63: 18.23 | BS63: 9/20/2019 16:56:00 | BT63: 12.09 | BU63: 9/20/2019 16:56:00 | BV63: 104817,4 | BW63: 9/20/2019 16:56:00 | BX63: 27,99
B64: 64 | C64: 9/23/2019 16:56:00 | D64: 18.08 | E64: 9/23/2019 16:56:00 | F64: 34.53 | G64: 9/23/2019 16:56:00 | H64: 44.66 | I64: 9/23/2019 16:56:00 | J64: 11.9 | K64: 9/23/2019 16:56:00 | L64: 19.33 | M64: 9/23/2019 16:56:00 | N64: 13.1 | O64: 9/23/2019 16:56:00 | P64: 30.05 | Q64: 9/23/2019 16:56:00 | R64: 24.14 | S64: 9/23/2019 16:56:00 | T64: 18.1 | U64: 9/23/2019 16:56:00 | V64: 5.5 | W64: 9/23/2019 16:56:00 | X64: 117 | Y64: 9/23/2019 16:56:00 | Z64: 28.81 | AA64: 9/23/2019 16:56:00 | AB64: 24.88 | AC64: 9/23/2019 16:56:00 | AD64: 17.76 | AE64: 9/23/2019 16:56:00 | AF64: 31.05 | AG64: 9/23/2019 16:56:00 | AH64: 48.1 | AI64: 9/23/2019 16:56:00 | AJ64: 44.41 | AK64: 9/23/2019 16:56:00 | AL64: 7.77 | AM64: 9/23/2019 16:56:00 | AN64: 89.96 | AO64: 9/23/2019 16:56:00 | AP64: 119 | AQ64: 9/23/2019 16:56:00 | AR64: 10.9 | AS64: 9/23/2019 16:56:00 | AT64: 1196.81 | AU64: 9/23/2019 16:56:00 | AV64: 141.5 | AW64: 9/23/2019 16:56:00 | AX64: 119.21 | AY64: 9/23/2019 16:56:00 | AZ64: 4.29 | BA64: 9/23/2019 16:56:00 | BB64: 153.5 | BC64: 9/23/2019 16:56:00 | BD64: 17.31 | BE64: 9/23/2019 16:56:00 | BF64: 15.63 | BG64: 9/23/2019 16:56:00 | BH64: 35.5 | BI64: 9/23/2019 16:56:00 | BJ64: 155.75 | BK64: 9/23/2019 16:56:00 | BL64: 24.2 | BM64: 9/23/2019 16:56:00 | BN64: 44.86 | BO64: 9/23/2019 16:56:00 | BP64: 27.48 | BQ64: 9/23/2019 16:56:00 | BR64: 18.25 | BS64: 9/23/2019 16:56:00 | BT64: 12.15 | BU64: 9/23/2019 16:56:00 | BV64: 104637,82 | BW64: 9/23/2019 16:56:00 | BX64: 28,2
B65: 65 | C65: 9/24/2019 16:56:00 | D65: 17.97 | E65: 9/24/2019 16:56:00 | F65: 34.48 | G65: 9/24/2019 16:56:00 | H65: 44.71 | I65: 9/24/2019 16:56:00 | J65: 11.7 | K65: 9/24/2019 16:56:00 | L65: 19.06 | M65: 9/24/2019 16:56:00 | N65: 13.06 | O65: 9/24/2019 16:56:00 | P65: 29.74 | Q65: 9/24/2019 16:56:00 | R65: 24.07 | S65: 9/24/2019 16:56:00 | T65: 17.76 | U65: 9/24/2019 16:56:00 | V65: 5.51 | W65: 9/24/2019 16:56:00 | X65: 117 | Y65: 9/24/2019 16:56:00 | Z65: 28.65 | AA65: 9/24/2019 16:56:00 | AB65: 24.74 | AC65: 9/24/2019 16:56:00 | AD65: 17.6 | AE65: 9/24/2019 16:56:00 | AF65: 31.7 | AG65: 9/24/2019 16:56:00 | AH65: 46.93 | AI65: 9/24/2019 16:56:00 | AJ65: 43.85 | AK65: 9/24/2019 16:56:00 | AL65: 7.85 | AM65: 9/24/2019 16:56:00 | AN65: 90.5 | AO65: 9/24/2019 16:56:00 | AP65: 119.25 | AQ65: 9/24/2019 16:56:00 | AR65: 10.9 | AS65: 9/24/2019 16:56:00 | AT65: 1196.81 | AU65: 9/24/2019 16:56:00 | AV65: 140.27 | AW65: 9/24/2019 16:56:00 | AX65: 120.1 | AY65: 9/24/2019 16:56:00 | AZ65: 4.11 | BA65: 9/24/2019 16:56:00 | BB65: 153.8 | BC65: 9/24/2019 16:56:00 | BD65: 17.17 | BE65: 9/24/2019 16:56:00 | BF65: 15.48 | BG65: 9/24/2019 16:56:00 | BH65: 35.7 | BI65: 9/24/2019 16:56:00 | BJ65: 158 | BK65: 9/24/2019 16:56:00 | BL65: 23.88 | BM65: 9/24/2019 16:56:00 | BN65: 44.3 | BO65: 9/24/2019 16:56:00 | BP65: 27.27 | BQ65: 9/24/2019 16:56:00 | BR65: 18.11 | BS65: 9/24/2019 16:56:00 | BT65: 12.11 | BU65: 9/24/2019 16:56:00 | BV65: 103875,66 | BW65: 9/24/2019 16:56:00 | BX65: 28
B66: 66 | C66: 9/25/2019 16:56:00 | D66: 18 | E66: 9/25/2019 16:56:00 | F66: 34.78 | G66: 9/25/2019 16:56:00 | H66: 44.01 | I66: 9/25/2019 16:56:00 | J66: 11.56 | K66: 9/25/2019 16:56:00 | L66: 19.12 | M66: 9/25/2019 16:56:00 | N66: 13.14 | O66: 9/25/2019 16:56:00 | P66: 29.89 | Q66: 9/25/2019 16:56:00 | R66: 24.09 | S66: 9/25/2019 16:56:00 | T66: 17.42 | U66: 9/25/2019 16:56:00 | V66: 5.45 | W66: 9/25/2019 16:56:00 | X66: 116.75 | Y66: 9/25/2019 16:56:00 | Z66: 28.52 | AA66: 9/25/2019 16:56:00 | AB66: 24.32 | AC66: 9/25/2019 16:56:00 | AD66: 17.64 | AE66: 9/25/2019 16:56:00 | AF66: 31.62 | AG66: 9/25/2019 16:56:00 | AH66: 47.86 | AI66: 9/25/2019 16:56:00 | AJ66: 43.51 | AK66: 9/25/2019 16:56:00 | AL66: 7.9 | AM66: 9/25/2019 16:56:00 | AN66: 91.89 | AO66: 9/25/2019 16:56:00 | AP66: 119.2 | AQ66: 9/25/2019 16:56:00 | AR66: 10.96 | AS66: 9/25/2019 16:56:00 | AT66: 1200.02 | AU66: 9/25/2019 16:56:00 | AV66: 141.29 | AW66: 9/25/2019 16:56:00 | AX66: 120.64 | AY66: 9/25/2019 16:56:00 | AZ66: 4.2 | BA66: 9/25/2019 16:56:00 | BB66: 153.45 | BC66: 9/25/2019 16:56:00 | BD66: 16.75 | BE66: 9/25/2019 16:56:00 | BF66: 15.1 | BG66: 9/25/2019 16:56:00 | BH66: 35.14 | BI66: 9/25/2019 16:56:00 | BJ66: 158.85 | BK66: 9/25/2019 16:56:00 | BL66: 24.24 | BM66: 9/25/2019 16:56:00 | BN66: 44.01 | BO66: 9/25/2019 16:56:00 | BP66: 27.34 | BQ66: 9/25/2019 16:56:00 | BR66: 18.1 | BS66: 9/25/2019 16:56:00 | BT66: 12.1 | BU66: 9/25/2019 16:56:00 | BV66: 104480,98 | BW66: 9/25/2019 16:56:00 | BX66: 27,51
B67: 67 | C67: 9/26/2019 16:56:00 | D67: 18.1 | E67: 9/26/2019 16:56:00 | F67: 35.5 | G67: 9/26/2019 16:56:00 | H67: 43.9 | I67: 9/26/2019 16:56:00 | J67: 11.5 | K67: 9/26/2019 16:56:00 | L67: 19.3 | M67: 9/26/2019 16:56:00 | N67: 13.42 | O67: 9/26/2019 16:56:00 | P67: 30.55 | Q67: 9/26/2019 16:56:00 | R67: 23.68 | S67: 9/26/2019 16:56:00 | T67: 17.61 | U67: 9/26/2019 16:56:00 | V67: 5.43 | W67: 9/26/2019 16:56:00 | X67: 116.5 | Y67: 9/26/2019 16:56:00 | Z67: 28.21 | AA67: 9/26/2019 16:56:00 | AB67: 24.34 | AC67: 9/26/2019 16:56:00 | AD67: 17.46 | AE67: 9/26/2019 16:56:00 | AF67: 31.72 | AG67: 9/26/2019 16:56:00 | AH67: 47.86 | AI67: 9/26/2019 16:56:00 | AJ67: 44.42 | AK67: 9/26/2019 16:56:00 | AL67: 7.91 | AM67: 9/26/2019 16:56:00 | AN67: 91.5 | AO67: 9/26/2019 16:56:00 | AP67: 119 | AQ67: 9/26/2019 16:56:00 | AR67: 11.12 | AS67: 9/26/2019 16:56:00 | AT67: 1197.01 | AU67: 9/26/2019 16:56:00 | AV67: 141 | AW67: 9/26/2019 16:56:00 | AX67: 121 | AY67: 9/26/2019 16:56:00 | AZ67: 4.22 | BA67: 9/26/2019 16:56:00 | BB67: 153.5 | BC67: 9/26/2019 16:56:00 | BD67: 16.71 | BE67: 9/26/2019 16:56:00 | BF67: 15.43 | BG67: 9/26/2019 16:56:00 | BH67: 35.65 | BI67: 9/26/2019 16:56:00 | BJ67: 158.1 | BK67: 9/26/2019 16:56:00 | BL67: 24.24 | BM67: 9/26/2019 16:56:00 | BN67: 44.77 | BO67: 9/26/2019 16:56:00 | BP67: 27.7 | BQ67: 9/26/2019 16:56:00 | BR67: 17.51 | BS67: 9/26/2019 16:56:00 | BT67: 12.04 | BU67: 9/26/2019 16:56:00 | BV67: 105319,4 | BW67: 9/26/2019 16:56:00 | BX67: 27,95
B68: 68 | C68: 9/27/2019 16:56:00 | D68: 18.1 | E68: 9/27/2019 16:56:00 | F68: 35.66 | G68: 9/27/2019 16:56:00 | H68: 43.95 | I68: 9/27/2019 16:56:00 | J68: 11.36 | K68: 9/27/2019 16:56:00 | L68: 19.11 | M68: 9/27/2019 16:56:00 | N68: 13.39 | O68: 9/27/2019 16:56:00 | P68: 30.53 | Q68: 9/27/2019 16:56:00 | R68: 23.98 | S68: 9/27/2019 16:56:00 | T68: 17.62 | U68: 9/27/2019 16:56:00 | V68: 5.4 | W68: 9/27/2019 16:56:00 | X68: 116.75 | Y68: 9/27/2019 16:56:00 | Z68: 28.3 | AA68: 9/27/2019 16:56:00 | AB68: 24.31 | AC68: 9/27/2019 16:56:00 | AD68: 17.68 | AE68: 9/27/2019 16:56:00 | AF68: 31.41 | AG68: 9/27/2019 16:56:00 | AH68: 47.66 | AI68: 9/27/2019 16:56:00 | AJ68: 44.8 | AK68: 9/27/2019 16:56:00 | AL68: 7.91 | AM68: 9/27/2019 16:56:00 | AN68: 90 | AO68: 9/27/2019 16:56:00 | AP68: 119.15 | AQ68: 9/27/2019 16:56:00 | AR68: 11.17 | AS68: 9/27/2019 16:56:00 | AT68: 1200.05 | AU68: 9/27/2019 16:56:00 | AV68: 142.36 | AW68: 9/27/2019 16:56:00 | AX68: 121.6 | AY68: 9/27/2019 16:56:00 | AZ68: 4.23 | BA68: 9/27/2019 16:56:00 | BB68: 153.75 | BC68: 9/27/2019 16:56:00 | BD68: 16.67 | BE68: 9/27/2019 16:56:00 | BF68: 15.53 | BG68: 9/27/2019 16:56:00 | BH68: 34.79 | BI68: 9/27/2019 16:56:00 | BJ68: 159 | BK68: 9/27/2019 16:56:00 | BL68: 24.13 | BM68: 9/27/2019 16:56:00 | BN68: 44.38 | BO68: 9/27/2019 16:56:00 | BP68: 27.66 | BQ68: 9/27/2019 16:56:00 | BR68: 17 | BS68: 9/27/2019 16:56:00 | BT68: 12.01 | BU68: 9/27/2019 16:56:00 | BV68: 105077,63 | BW68: 9/27/2019 16:56:00 | BX68: 28
B69: 69 | C69: 9/30/2019 16:56:00 | D69: 17.9 | E69: 9/30/2019 16:56:00 | F69: 35.03 | G69: 9/30/2019 16:56:00 | H69: 44.39 | I69: 9/30/2019 16:56:00 | J69: 11.09 | K69: 9/30/2019 16:56:00 | L69: 19.6 | M69: 9/30/2019 16:56:00 | N69: 13.18 | O69: 9/30/2019 16:56:00 | P69: 30.12 | Q69: 9/30/2019 16:56:00 | R69: 23.73 | S69: 9/30/2019 16:56:00 | T69: 17.64 | U69: 9/30/2019 16:56:00 | V69: 5.48 | W69: 9/30/2019 16:56:00 | X69: 117.24 | Y69: 9/30/2019 16:56:00 | Z69: 28.8 | AA69: 9/30/2019 16:56:00 | AB69: 24.7 | AC69: 9/30/2019 16:56:00 | AD69: 17.95 | AE69: 9/30/2019 16:56:00 | AF69: 31.77 | AG69: 9/30/2019 16:56:00 | AH69: 47.75 | AI69: 9/30/2019 16:56:00 | AJ69: 44.72 | AK69: 9/30/2019 16:56:00 | AL69: 7.92 | AM69: 9/30/2019 16:56:00 | AN69: 90 | AO69: 9/30/2019 16:56:00 | AP69: 118.6 | AQ69: 9/30/2019 16:56:00 | AR69: 11.26 | AS69: 9/30/2019 16:56:00 | AT69: 1203.5 | AU69: 9/30/2019 16:56:00 | AV69: 143.77 | AW69: 9/30/2019 16:56:00 | AX69: 121.95 | AY69: 9/30/2019 16:56:00 | AZ69: 4.29 | BA69: 9/30/2019 16:56:00 | BB69: 154 | BC69: 9/30/2019 16:56:00 | BD69: 16.9 | BE69: 9/30/2019 16:56:00 | BF69: 15.5 | BG69: 9/30/2019 16:56:00 | BH69: 35 | BI69: 9/30/2019 16:56:00 | BJ69: 160.2 | BK69: 9/30/2019 16:56:00 | BL69: 24.23 | BM69: 9/30/2019 16:56:00 | BN69: 43.63 | BO69: 9/30/2019 16:56:00 | BP69: 27.55 | BQ69: 9/30/2019 16:56:00 | BR69: 17.42 | BS69: 9/30/2019 16:56:00 | BT69: 12.2 | BU69: 9/30/2019 16:56:00 | BV69: 104745,32 | BW69: 9/30/2019 16:56:00 | BX69: 28,5
B70: 70 | C70: 10/1/2019 16:56:00 | D70: 17.6 | E70: 10/1/2019 16:56:00 | F70: 34.41 | G70: 10/1/2019 16:56:00 | H70: 44.44 | I70: 10/1/2019 16:56:00 | J70: 11.08 | K70: 10/1/2019 16:56:00 | L70: 19.35 | M70: 10/1/2019 16:56:00 | N70: 12.95 | O70: 10/1/2019 16:56:00 | P70: 29.63 | Q70: 10/1/2019 16:56:00 | R70: 23.68 | S70: 10/1/2019 16:56:00 | T70: 17.96 | U70: 10/1/2019 16:56:00 | V70: 5.57 | W70: 10/1/2019 16:56:00 | X70: 118 | Y70: 10/1/2019 16:56:00 | Z70: 28.65 | AA70: 10/1/2019 16:56:00 | AB70: 24.41 | AC70: 10/1/2019 16:56:00 | AD70: 18.25 | AE70: 10/1/2019 16:56:00 | AF70: 32.2 | AG70: 10/1/2019 16:56:00 | AH70: 47.71 | AI70: 10/1/2019 16:56:00 | AJ70: 44.55 | AK70: 10/1/2019 16:56:00 | AL70: 7.95 | AM70: 10/1/2019 16:56:00 | AN70: 89.75 | AO70: 10/1/2019 16:56:00 | AP70: 115.67 | AQ70: 10/1/2019 16:56:00 | AR70: 11.19 | AS70: 10/1/2019 16:56:00 | AT70: 1219.98 | AU70: 10/1/2019 16:56:00 | AV70: 143.8 | AW70: 10/1/2019 16:56:00 | AX70: 120 | AY70: 10/1/2019 16:56:00 | AZ70: 4.3 | BA70: 10/1/2019 16:56:00 | BB70: 153.99 | BC70: 10/1/2019 16:56:00 | BD70: 16.92 | BE70: 10/1/2019 16:56:00 | BF70: 15.4 | BG70: 10/1/2019 16:56:00 | BH70: 35.3 | BI70: 10/1/2019 16:56:00 | BJ70: 160 | BK70: 10/1/2019 16:56:00 | BL70: 24.23 | BM70: 10/1/2019 16:56:00 | BN70: 43.77 | BO70: 10/1/2019 16:56:00 | BP70: 27.51 | BQ70: 10/1/2019 16:56:00 | BR70: 17.05 | BS70: 10/1/2019 16:56:00 | BT70: 12.28 | BU70: 10/1/2019 16:56:00 | BV70: 104053,4 | BW70: 10/1/2019 16:56:00 | BX70: 28,5
B71: 71 | C71: 10/2/2019 16:56:00 | D71: 17.17 | E71: 10/2/2019 16:56:00 | F71: 33.6 | G71: 10/2/2019 16:56:00 | H71: 43.61 | I71: 10/2/2019 16:56:00 | J71: 10.97 | K71: 10/2/2019 16:56:00 | L71: 19.05 | M71: 10/2/2019 16:56:00 | N71: 12.65 | O71: 10/2/2019 16:56:00 | P71: 28.96 | Q71: 10/2/2019 16:56:00 | R71: 23.56 | S71: 10/2/2019 16:56:00 | T71: 17.8 | U71: 10/2/2019 16:56:00 | V71: 5.48 | W71: 10/2/2019 16:56:00 | X71: 116.39 | Y71: 10/2/2019 16:56:00 | Z71: 27.95 | AA71: 10/2/2019 16:56:00 | AB71: 23.99 | AC71: 10/2/2019 16:56:00 | AD71: 18.18 | AE71: 10/2/2019 16:56:00 | AF71: 30.5 | AG71: 10/2/2019 16:56:00 | AH71: 45.1 | AI71: 10/2/2019 16:56:00 | AJ71: 43.44 | AK71: 10/2/2019 16:56:00 | AL71: 7.67 | AM71: 10/2/2019 16:56:00 | AN71: 91 | AO71: 10/2/2019 16:56:00 | AP71: 115.24 | AQ71: 10/2/2019 16:56:00 | AR71: 11.31 | AS71: 10/2/2019 16:56:00 | AT71: 1210.23 | AU71: 10/2/2019 16:56:00 | AV71: 141 | AW71: 10/2/2019 16:56:00 | AX71: 120.45 | AY71: 10/2/2019 16:56:00 | AZ71: 4.33 | BA71: 10/2/2019 16:56:00 | BB71: 154 | BC71: 10/2/2019 16:56:00 | BD71: 16.62 | BE71: 10/2/2019 16:56:00 | BF71: 15.1 | BG71: 10/2/2019 16:56:00 | BH71: 34.82 | BI71: 10/2/2019 16:56:00 | BJ71: 159.74 | BK71: 10/2/2019 16:56:00 | BL71: 23.83 | BM71: 10/2/2019 16:56:00 | BN71: 43.1 | BO71: 10/2/2019 16:56:00 | BP71: 26.72 | BQ71: 10/2/2019 16:56:00 | BR71: 16.9 | BS71: 10/2/2019 16:56:00 | BT71: 12.02 | BU71: 10/2/2019 16:56:00 | BV71: 101031,44 | BW71: 10/2/2019 16:56:00 | BX71: 28,47
B72: 72 | C72: 10/3/2019 16:56:00 | D72: 17.48 | E72: 10/3/2019 16:56:00 | F72: 33.43 | G72: 10/3/2019 16:56:00 | H72: 43.97 | I72: 10/3/2019 16:56:00 | J72: 10.96 | K72: 10/3/2019 16:56:00 | L72: 19.12 | M72: 10/3/2019 16:56:00 | N72: 12.5 | O72: 10/3/2019 16:56:00 | P72: 28.79 | Q72: 10/3/2019 16:56:00 | R72: 23.4 | S72: 10/3/2019 16:56:00 | T72: 18.03 | U72: 10/3/2019 16:56:00 | V72: 5.5 | W72: 10/3/2019 16:56:00 | X72: 118 | Y72: 10/3/2019 16:56:00 | Z72: 28.19 | AA72: 10/3/2019 16:56:00 | AB72: 24.26 | AC72: 10/3/2019 16:56:00 | AD72: 17.8 | AE72: 10/3/2019 16:56:00 | AF72: 30.49 | AG72: 10/3/2019 16:56:00 | AH72: 45.44 | AI72: 10/3/2019 16:56:00 | AJ72: 43.75 | AK72: 10/3/2019 16:56:00 | AL72: 7.7 | AM72: 10/3/2019 16:56:00 | AN72: 91.52 | AO72: 10/3/2019 16:56:00 | AP72: 116 | AQ72: 10/3/2019 16:56:00 | AR72: 11.31 | AS72: 10/3/2019 16:56:00 | AT72: 1219 | AU72: 10/3/2019 16:56:00 | AV72: 139.4 | AW72: 10/3/2019 16:56:00 | AX72: 120.84 | AY72: 10/3/2019 16:56:00 | AZ72: 4.43 | BA72: 10/3/2019 16:56:00 | BB72: 154 | BC72: 10/3/2019 16:56:00 | BD72: 16.34 | BE72: 10/3/2019 16:56:00 | BF72: 15.55 | BG72: 10/3/2019 16:56:00 | BH72: 35.23 | BI72: 10/3/2019 16:56:00 | BJ72: 158.51 | BK72: 10/3/2019 16:56:00 | BL72: 23.68 | BM72: 10/3/2019 16:56:00 | BN72: 43.6 | BO72: 10/3/2019 16:56:00 | BP72: 26.74 | BQ72: 10/3/2019 16:56:00 | BR72: 16.91 | BS72: 10/3/2019 16:56:00 | BT72: 12.19 | BU72: 10/3/2019 16:56:00 | BV72: 101516,04 | BW72: 10/3/2019 16:56:00 | BX72: 28,5
B73: 73 | C73: 10/4/2019 16:56:00 | D73: 17.5 | E73: 10/4/2019 16:56:00 | F73: 33.48 | G73: 10/4/2019 16:56:00 | H73: 44.01 | I73: 10/4/2019 16:56:00 | J73: 11.05 | K73: 10/4/2019 16:56:00 | L73: 19.26 | M73: 10/4/2019 16:56:00 | N73: 12.51 | O73: 10/4/2019 16:56:00 | P73: 29.04 | Q73: 10/4/2019 16:56:00 | R73: 23.6 | S73: 10/4/2019 16:56:00 | T73: 18.26 | U73: 10/4/2019 16:56:00 | V73: 5.54 | W73: 10/4/2019 16:56:00 | X73: 118 | Y73: 10/4/2019 16:56:00 | Z73: 28.2 | AA73: 10/4/2019 16:56:00 | AB73: 24.36 | AC73: 10/4/2019 16:56:00 | AD73: 18.2 | AE73: 10/4/2019 16:56:00 | AF73: 30.07 | AG73: 10/4/2019 16:56:00 | AH73: 46.59 | AI73: 10/4/2019 16:56:00 | AJ73: 44 | AK73: 10/4/2019 16:56:00 | AL73: 7.75 | AM73: 10/4/2019 16:56:00 | AN73: 91.8 | AO73: 10/4/2019 16:56:00 | AP73: 116.25 | AQ73: 10/4/2019 16:56:00 | AR73: 11.3 | AS73: 10/4/2019 16:56:00 | AT73: 1211 | AU73: 10/4/2019 16:56:00 | AV73: 139.9 | AW73: 10/4/2019 16:56:00 | AX73: 120.68 | AY73: 10/4/2019 16:56:00 | AZ73: 4.47 | BA73: 10/4/2019 16:56:00 | BB73: 155 | BC73: 10/4/2019 16:56:00 | BD73: 16.61 | BE73: 10/4/2019 16:56:00 | BF73: 15.46 | BG73: 10/4/2019 16:56:00 | BH73: 35.82 | BI73: 10/4/2019 16:56:00 | BJ73: 159.5 | BK73: 10/4/2019 16:56:00 | BL73: 23.61 | BM73: 10/4/2019 16:56:00 | BN73: 44.55 | BO73: 10/4/2019 16:56:00 | BP73: 26.51 | BQ73: 10/4/2019 16:56:00 | BR73: 17.1 | BS73: 10/4/2019 16:56:00 | BT73: 12.13 | BU73: 10/4/2019 16:56:00 | BV73: 102551,32 | BW73: 10/4/2019 16:56:00 | BX73: 29,1
B74: 74 | C74: 10/7/2019 16:56:00 | D74: 17 | E74: 10/7/2019 16:56:00 | F74: 32.5 | G74: 10/7/2019 16:56:00 | H74: 42.93 | I74: 10/7/2019 16:56:00 | J74: 10.7 | K74: 10/7/2019 16:56:00 | L74: 18.68 | M74: 10/7/2019 16:56:00 | N74: 12.18 | O74: 10/7/2019 16:56:00 | P74: 28.28 | Q74: 10/7/2019 16:56:00 | R74: 23.53 | S74: 10/7/2019 16:56:00 | T74: 17.67 | U74: 10/7/2019 16:56:00 | V74: 5.4 | W74: 10/7/2019 16:56:00 | X74: 116.99 | Y74: 10/7/2019 16:56:00 | Z74: 27.29 | AA74: 10/7/2019 16:56:00 | AB74: 23.21 | AC74: 10/7/2019 16:56:00 | AD74: 17.95 | AE74: 10/7/2019 16:56:00 | AF74: 28.98 | AG74: 10/7/2019 16:56:00 | AH74: 46.04 | AI74: 10/7/2019 16:56:00 | AJ74: 43.97 | AK74: 10/7/2019 16:56:00 | AL74: 7.71 | AM74: 10/7/2019 16:56:00 | AN74: 91.5 | AO74: 10/7/2019 16:56:00 | AP74: 117.3 | AQ74: 10/7/2019 16:56:00 | AR74: 11.32 | AS74: 10/7/2019 16:56:00 | AT74: 1217 | AU74: 10/7/2019 16:56:00 | AV74: 139.97 | AW74: 10/7/2019 16:56:00 | AX74: 121 | AY74: 10/7/2019 16:56:00 | AZ74: 4.56 | BA74: 10/7/2019 16:56:00 | BB74: 156 | BC74: 10/7/2019 16:56:00 | BD74: 16.46 | BE74: 10/7/2019 16:56:00 | BF74: 15.39 | BG74: 10/7/2019 16:56:00 | BH74: 36.59 | BI74: 10/7/2019 16:56:00 | BJ74: 159 | BK74: 10/7/2019 16:56:00 | BL74: 22.85 | BM74: 10/7/2019 16:56:00 | BN74: 43 | BO74: 10/7/2019 16:56:00 | BP74: 26.17 | BQ74: 10/7/2019 16:56:00 | BR74: 16.66 | BS74: 10/7/2019 16:56:00 | BT74: 12.01 | BU74: 10/7/2019 16:56:00 | BV74: 100572,77 | BW74: 10/7/2019 16:56:00 | BX74: 29
B75: 75 | C75: 10/8/2019 16:56:00 | D75: 17.05 | E75: 10/8/2019 16:56:00 | F75: 32.24 | G75: 10/8/2019 16:56:00 | H75: 42.67 | I75: 10/8/2019 16:56:00 | J75: 10.55 | K75: 10/8/2019 16:56:00 | L75: 18.99 | M75: 10/8/2019 16:56:00 | N75: 12.14 | O75: 10/8/2019 16:56:00 | P75: 28.08 | Q75: 10/8/2019 16:56:00 | R75: 23.74 | S75: 10/8/2019 16:56:00 | T75: 17.4 | U75: 10/8/2019 16:56:00 | V75: 5.39 | W75: 10/8/2019 16:56:00 | X75: 117.5 | Y75: 10/8/2019 16:56:00 | Z75: 27.45 | AA75: 10/8/2019 16:56:00 | AB75: 23.27 | AC75: 10/8/2019 16:56:00 | AD75: 18.08 | AE75: 10/8/2019 16:56:00 | AF75: 29.9 | AG75: 10/8/2019 16:56:00 | AH75: 45.32 | AI75: 10/8/2019 16:56:00 | AJ75: 43.76 | AK75: 10/8/2019 16:56:00 | AL75: 7.68 | AM75: 10/8/2019 16:56:00 | AN75: 89.95 | AO75: 10/8/2019 16:56:00 | AP75: 117.2 | AQ75: 10/8/2019 16:56:00 | AR75: 11.23 | AS75: 10/8/2019 16:56:00 | AT75: 1215 | AU75: 10/8/2019 16:56:00 | AV75: 140 | AW75: 10/8/2019 16:56:00 | AX75: 121.05 | AY75: 10/8/2019 16:56:00 | AZ75: 4.51 | BA75: 10/8/2019 16:56:00 | BB75: 155.54 | BC75: 10/8/2019 16:56:00 | BD75: 16.22 | BE75: 10/8/2019 16:56:00 | BF75: 15.2 | BG75: 10/8/2019 16:56:00 | BH75: 36.02 | BI75: 10/8/2019 16:56:00 | BJ75: 160.4 | BK75: 10/8/2019 16:56:00 | BL75: 22.81 | BM75: 10/8/2019 16:56:00 | BN75: 43.3 | BO75: 10/8/2019 16:56:00 | BP75: 26.02 | BQ75: 10/8/2019 16:56:00 | BR75: 16 | BS75: 10/8/2019 16:56:00 | BT75: 11.83 | BU75: 10/8/2019 16:56:00 | BV75: 99981,4 | BW75: 10/8/2019 16:56:00 | BX75: 28,76
B76: 76 | C76: 10/9/2019 16:56:00 | D76: 17.2 | E76: 10/9/2019 16:56:00 | F76: 32.8 | G76: 10/9/2019 16:56:00 | H76: 42.48 | I76: 10/9/2019 16:56:00 | J76: 10.69 | K76: 10/9/2019 16:56:00 | L76: 18.86 | M76: 10/9/2019 16:56:00 | N76: 12.33 | O76: 10/9/2019 16:56:00 | P76: 28.5 | Q76: 10/9/2019 16:56:00 | R76: 23.7 | S76: 10/9/2019 16:56:00 | T76: 17.83 | U76: 10/9/2019 16:56:00 | V76: 5.6 | W76: 10/9/2019 16:56:00 | X76: 118.2 | Y76: 10/9/2019 16:56:00 | Z76: 27.5 | AA76: 10/9/2019 16:56:00 | AB76: 23.28 | AC76: 10/9/2019 16:56:00 | AD76: 17.8 | AE76: 10/9/2019 16:56:00 | AF76: 29.15 | AG76: 10/9/2019 16:56:00 | AH76: 45.67 | AI76: 10/9/2019 16:56:00 | AJ76: 44.1 | AK76: 10/9/2019 16:56:00 | AL76: 7.74 | AM76: 10/9/2019 16:56:00 | AN76: 91.5 | AO76: 10/9/2019 16:56:00 | AP76: 117.23 | AQ76: 10/9/2019 16:56:00 | AR76: 11.14 | AS76: 10/9/2019 16:56:00 | AT76: 1200 | AU76: 10/9/2019 16:56:00 | AV76: 141 | AW76: 10/9/2019 16:56:00 | AX76: 121 | AY76: 10/9/2019 16:56:00 | AZ76: 4.54 | BA76: 10/9/2019 16:56:00 | BB76: 156.8 | BC76: 10/9/2019 16:56:00 | BD76: 16.25 | BE76: 10/9/2019 16:56:00 | BF76: 15.05 | BG76: 10/9/2019 16:56:00 | BH76: 35.1 | BI76: 10/9/2019 16:56:00 | BJ76: 159.61 | BK76: 10/9/2019 16:56:00 | BL76: 22.87 | BM76: 10/9/2019 16:56:00 | BN76: 43.9 | BO76: 10/9/2019 16:56:00 | BP76: 26.52 | BQ76: 10/9/2019 16:56:00 | BR76: 16.17 | BS76: 10/9/2019 16:56:00 | BT76: 11.87 | BU76: 10/9/2019 16:56:00 | BV76: 101248,78 | BW76: 10/9/2019 16:56:00 | BX76: 28,95
B77: 77 | C77: 10/10/2019 16:56:00 | D77: 17.55 | E77: 10/10/2019 16:56:00 | F77: 33.05 | G77: 10/10/2019 16:56:00 | H77: 42.2 | I77: 10/10/2019 16:56:00 | J77: 11.41 | K77: 10/10/2019 16:56:00 | L77: 18.59 | M77: 10/10/2019 16:56:00 | N77: 12.43 | O77: 10/10/2019 16:56:00 | P77: 28.75 | Q77: 10/10/2019 16:56:00 | R77: 24.14 | S77: 10/10/2019 16:56:00 | T77: 17.87 | U77: 10/10/2019 16:56:00 | V77: 5.54 | W77: 10/10/2019 16:56:00 | X77: 118.29 | Y77: 10/10/2019 16:56:00 | Z77: 27.42 | AA77: 10/10/2019 16:56:00 | AB77: 23.31 | AC77: 10/10/2019 16:56:00 | AD77: 17.95 | AE77: 10/10/2019 16:56:00 | AF77: 29.15 | AG77: 10/10/2019 16:56:00 | AH77: 47.24 | AI77: 10/10/2019 16:56:00 | AJ77: 44.9 | AK77: 10/10/2019 16:56:00 | AL77: 7.9 | AM77: 10/10/2019 16:56:00 | AN77: 92.28 | AO77: 10/10/2019 16:56:00 | AP77: 117.19 | AQ77: 10/10/2019 16:56:00 | AR77: 11.16 | AS77: 10/10/2019 16:56:00 | AT77: 1200 | AU77: 10/10/2019 16:56:00 | AV77: 140.5 | AW77: 10/10/2019 16:56:00 | AX77: 122.18 | AY77: 10/10/2019 16:56:00 | AZ77: 4.5 | BA77: 10/10/2019 16:56:00 | BB77: 157 | BC77: 10/10/2019 16:56:00 | BD77: 15.93 | BE77: 10/10/2019 16:56:00 | BF77: 14.73 | BG77: 10/10/2019 16:56:00 | BH77: 34.3 | BI77: 10/10/2019 16:56:00 | BJ77: 161 | BK77: 10/10/2019 16:56:00 | BL77: 22.97 | BM77: 10/10/2019 16:56:00 | BN77: 44.06 | BO77: 10/10/2019 16:56:00 | BP77: 26.74 | BQ77: 10/10/2019 16:56:00 | BR77: 16.19 | BS77: 10/10/2019 16:56:00 | BT77: 11.79 | BU77: 10/10/2019 16:56:00 | BV77: 101817,13 | BW77: 10/10/2019 16:56:00 | BX77: 28,8
B78: 78 | C78: 10/11/2019 16:56:00 | D78: 17.6 | E78: 10/11/2019 16:56:00 | F78: 34.26 | G78: 10/11/2019 16:56:00 | H78: 43.11 | I78: 10/11/2019 16:56:00 | J78: 11.65 | K78: 10/11/2019 16:56:00 | L78: 18.94 | M78: 10/11/2019 16:56:00 | N78: 12.7 | O78: 10/11/2019 16:56:00 | P78: 29.25 | Q78: 10/11/2019 16:56:00 | R78: 24.4 | S78: 10/11/2019 16:56:00 | T78: 17.88 | U78: 10/11/2019 16:56:00 | V78: 5.58 | W78: 10/11/2019 16:56:00 | X78: 118.55 | Y78: 10/11/2019 16:56:00 | Z78: 27.97 | AA78: 10/11/2019 16:56:00 | AB78: 23.42 | AC78: 10/11/2019 16:56:00 | AD78: 18.4 | AE78: 10/11/2019 16:56:00 | AF78: 30.85 | AG78: 10/11/2019 16:56:00 | AH78: 48.64 | AI78: 10/11/2019 16:56:00 | AJ78: 45.12 | AK78: 10/11/2019 16:56:00 | AL78: 7.88 | AM78: 10/11/2019 16:56:00 | AN78: 93.15 | AO78: 10/11/2019 16:56:00 | AP78: 117.45 | AQ78: 10/11/2019 16:56:00 | AR78: 11.27 | AS78: 10/11/2019 16:56:00 | AT78: 1200 | AU78: 10/11/2019 16:56:00 | AV78: 139.99 | AW78: 10/11/2019 16:56:00 | AX78: 121.9 | AY78: 10/11/2019 16:56:00 | AZ78: 4.48 | BA78: 10/11/2019 16:56:00 | BB78: 157.64 | BC78: 10/11/2019 16:56:00 | BD78: 16.6 | BE78: 10/11/2019 16:56:00 | BF78: 14.75 | BG78: 10/11/2019 16:56:00 | BH78: 34.13 | BI78: 10/11/2019 16:56:00 | BJ78: 163 | BK78: 10/11/2019 16:56:00 | BL78: 23.67 | BM78: 10/11/2019 16:56:00 | BN78: 45.05 | BO78: 10/11/2019 16:56:00 | BP78: 27.26 | BQ78: 10/11/2019 16:56:00 | BR78: 17 | BS78: 10/11/2019 16:56:00 | BT78: 11.93 | BU78: 10/11/2019 16:56:00 | BV78: 103831,92 | BW78: 10/11/2019 16:56:00 | BX78: 29
B79: 79 | C79: 10/14/2019 16:56:00 | D79: 17.8 | E79: 10/14/2019 16:56:00 | F79: 34.26 | G79: 10/14/2019 16:56:00 | H79: 43.82 | I79: 10/14/2019 16:56:00 | J79: 11.36 | K79: 10/14/2019 16:56:00 | L79: 18.75 | M79: 10/14/2019 16:56:00 | N79: 12.91 | O79: 10/14/2019 16:56:00 | P79: 29.53 | Q79: 10/14/2019 16:56:00 | R79: 24.61 | S79: 10/14/2019 16:56:00 | T79: 17.93 | U79: 10/14/2019 16:56:00 | V79: 5.64 | W79: 10/14/2019 16:56:00 | X79: 117.35 | Y79: 10/14/2019 16:56:00 | Z79: 28.07 | AA79: 10/14/2019 16:56:00 | AB79: 23.81 | AC79: 10/14/2019 16:56:00 | AD79: 18.35 | AE79: 10/14/2019 16:56:00 | AF79: 29.92 | AG79: 10/14/2019 16:56:00 | AH79: 47.99 | AI79: 10/14/2019 16:56:00 | AJ79: 45.05 | AK79: 10/14/2019 16:56:00 | AL79: 8 | AM79: 10/14/2019 16:56:00 | AN79: 93.7 | AO79: 10/14/2019 16:56:00 | AP79: 117.11 | AQ79: 10/14/2019 16:56:00 | AR79: 11.1 | AS79: 10/14/2019 16:56:00 | AT79: 1200 | AU79: 10/14/2019 16:56:00 | AV79: 140.4 | AW79: 10/14/2019 16:56:00 | AX79: 122.29 | AY79: 10/14/2019 16:56:00 | AZ79: 4.51 | BA79: 10/14/2019 16:56:00 | BB79: 158.8 | BC79: 10/14/2019 16:56:00 | BD79: 16.96 | BE79: 10/14/2019 16:56:00 | BF79: 15 | BG79: 10/14/2019 16:56:00 | BH79: 34.19 | BI79: 10/14/2019 16:56:00 | BJ79: 163.5 | BK79: 10/14/2019 16:56:00 | BL79: 23.75 | BM79: 10/14/2019 16:56:00 | BN79: 45.16 | BO79: 10/14/2019 16:56:00 | BP79: 27.31 | BQ79: 10/14/2019 16:56:00 | BR79: 16.99 | BS79: 10/14/2019 16:56:00 | BT79: 11.8 | BU79: 10/14/2019 16:56:00 | BV79: 104301,58 | BW79: 10/14/2019 16:56:00 | BX79: 29,35
B80: 80 | C80: 10/15/2019 16:56:00 | D80: 17.85 | E80: 10/15/2019 16:56:00 | F80: 34.41 | G80: 10/15/2019 16:56:00 | H80: 43.22 | I80: 10/15/2019 16:56:00 | J80: 11.49 | K80: 10/15/2019 16:56:00 | L80: 18.69 | M80: 10/15/2019 16:56:00 | N80: 12.93 | O80: 10/15/2019 16:56:00 | P80: 29.69 | Q80: 10/15/2019 16:56:00 | R80: 24.63 | S80: 10/15/2019 16:56:00 | T80: 17.44 | U80: 10/15/2019 16:56:00 | V80: 5.51 | W80: 10/15/2019 16:56:00 | X80: 118.1 | Y80: 10/15/2019 16:56:00 | Z80: 27.81 | AA80: 10/15/2019 16:56:00 | AB80: 23.36 | AC80: 10/15/2019 16:56:00 | AD80: 18.25 | AE80: 10/15/2019 16:56:00 | AF80: 29.72 | AG80: 10/15/2019 16:56:00 | AH80: 47.91 | AI80: 10/15/2019 16:56:00 | AJ80: 45.1 | AK80: 10/15/2019 16:56:00 | AL80: 7.93 | AM80: 10/15/2019 16:56:00 | AN80: 94.4 | AO80: 10/15/2019 16:56:00 | AP80: 117.5 | AQ80: 10/15/2019 16:56:00 | AR80: 11.19 | AS80: 10/15/2019 16:56:00 | AT80: 1219 | AU80: 10/15/2019 16:56:00 | AV80: 141.99 | AW80: 10/15/2019 16:56:00 | AX80: 122.8 | AY80: 10/15/2019 16:56:00 | AZ80: 4.53 | BA80: 10/15/2019 16:56:00 | BB80: 158.88 | BC80: 10/15/2019 16:56:00 | BD80: 17.03 | BE80: 10/15/2019 16:56:00 | BF80: 16.2 | BG80: 10/15/2019 16:56:00 | BH80: 34.2 | BI80: 10/15/2019 16:56:00 | BJ80: 165.3 | BK80: 10/15/2019 16:56:00 | BL80: 23.78 | BM80: 10/15/2019 16:56:00 | BN80: 44.51 | BO80: 10/15/2019 16:56:00 | BP80: 27.6 | BQ80: 10/15/2019 16:56:00 | BR80: 16.94 | BS80: 10/15/2019 16:56:00 | BT80: 11.7 | BU80: 10/15/2019 16:56:00 | BV80: 104489,56 | BW80: 10/15/2019 16:56:00 | BX80: 28,96
B81: 81 | C81: 10/16/2019 16:56:00 | D81: 18.28 | E81: 10/16/2019 16:56:00 | F81: 34.89 | G81: 10/16/2019 16:56:00 | H81: 43.31 | I81: 10/16/2019 16:56:00 | J81: 11.52 | K81: 10/16/2019 16:56:00 | L81: 18.87 | M81: 10/16/2019 16:56:00 | N81: 13.17 | O81: 10/16/2019 16:56:00 | P81: 29.9 | Q81: 10/16/2019 16:56:00 | R81: 24.65 | S81: 10/16/2019 16:56:00 | T81: 17.58 | U81: 10/16/2019 16:56:00 | V81: 5.65 | W81: 10/16/2019 16:56:00 | X81: 117.54 | Y81: 10/16/2019 16:56:00 | Z81: 27.77 | AA81: 10/16/2019 16:56:00 | AB81: 23.29 | AC81: 10/16/2019 16:56:00 | AD81: 18.14 | AE81: 10/16/2019 16:56:00 | AF81: 30.37 | AG81: 10/16/2019 16:56:00 | AH81: 46.8 | AI81: 10/16/2019 16:56:00 | AJ81: 45.35 | AK81: 10/16/2019 16:56:00 | AL81: 8.09 | AM81: 10/16/2019 16:56:00 | AN81: 94.93 | AO81: 10/16/2019 16:56:00 | AP81: 117.75 | AQ81: 10/16/2019 16:56:00 | AR81: 11.2 | AS81: 10/16/2019 16:56:00 | AT81: 1200.44 | AU81: 10/16/2019 16:56:00 | AV81: 142.15 | AW81: 10/16/2019 16:56:00 | AX81: 122.96 | AY81: 10/16/2019 16:56:00 | AZ81: 4.53 | BA81: 10/16/2019 16:56:00 | BB81: 159.46 | BC81: 10/16/2019 16:56:00 | BD81: 17.02 | BE81: 10/16/2019 16:56:00 | BF81: 16.24 | BG81: 10/16/2019 16:56:00 | BH81: 35 | BI81: 10/16/2019 16:56:00 | BJ81: 168.03 | BK81: 10/16/2019 16:56:00 | BL81: 24.37 | BM81: 10/16/2019 16:56:00 | BN81: 45.2 | BO81: 10/16/2019 16:56:00 | BP81: 27.93 | BQ81: 10/16/2019 16:56:00 | BR81: 17 | BS81: 10/16/2019 16:56:00 | BT81: 11.55 | BU81: 10/16/2019 16:56:00 | BV81: 105422,8 | BW81: 10/16/2019 16:56:00 | BX81: 29,21
B82: 82 | C82: 10/17/2019 16:56:00 | D82: 18.15 | E82: 10/17/2019 16:56:00 | F82: 35.07 | G82: 10/17/2019 16:56:00 | H82: 43.57 | I82: 10/17/2019 16:56:00 | J82: 11.85 | K82: 10/17/2019 16:56:00 | L82: 18.85 | M82: 10/17/2019 16:56:00 | N82: 13.15 | O82: 10/17/2019 16:56:00 | P82: 29.76 | Q82: 10/17/2019 16:56:00 | R82: 24.72 | S82: 10/17/2019 16:56:00 | T82: 17.57 | U82: 10/17/2019 16:56:00 | V82: 5.79 | W82: 10/17/2019 16:56:00 | X82: 118.12 | Y82: 10/17/2019 16:56:00 | Z82: 27.83 | AA82: 10/17/2019 16:56:00 | AB82: 23.18 | AC82: 10/17/2019 16:56:00 | AD82: 18.33 | AE82: 10/17/2019 16:56:00 | AF82: 29.91 | AG82: 10/17/2019 16:56:00 | AH82: 46.71 | AI82: 10/17/2019 16:56:00 | AJ82: 45.41 | AK82: 10/17/2019 16:56:00 | AL82: 8.18 | AM82: 10/17/2019 16:56:00 | AN82: 93.85 | AO82: 10/17/2019 16:56:00 | AP82: 118 | AQ82: 10/17/2019 16:56:00 | AR82: 11.19 | AS82: 10/17/2019 16:56:00 | AT82: 1214 | AU82: 10/17/2019 16:56:00 | AV82: 143 | AW82: 10/17/2019 16:56:00 | AX82: 122.95 | AY82: 10/17/2019 16:56:00 | AZ82: 4.52 | BA82: 10/17/2019 16:56:00 | BB82: 159.99 | BC82: 10/17/2019 16:56:00 | BD82: 17.4 | BE82: 10/17/2019 16:56:00 | BF82: 16.39 | BG82: 10/17/2019 16:56:00 | BH82: 35.53 | BI82: 10/17/2019 16:56:00 | BJ82: 168 | BK82: 10/17/2019 16:56:00 | BL82: 24.24 | BM82: 10/17/2019 16:56:00 | BN82: 46.15 | BO82: 10/17/2019 16:56:00 | BP82: 27.66 | BQ82: 10/17/2019 16:56:00 | BR82: 17.26 | BS82: 10/17/2019 16:56:00 | BT82: 11.75 | BU82: 10/17/2019 16:56:00 | BV82: 105015,77 | BW82: 10/17/2019 16:56:00 | BX82: 29,59
B83: 83 | C83: 10/18/2019 16:56:00 | D83: 18.3 | E83: 10/18/2019 16:56:00 | F83: 34.46 | G83: 10/18/2019 16:56:00 | H83: 43.76 | I83: 10/18/2019 16:56:00 | J83: 11.68 | K83: 10/18/2019 16:56:00 | L83: 18.99 | M83: 10/18/2019 16:56:00 | N83: 13.07 | O83: 10/18/2019 16:56:00 | P83: 29.66 | Q83: 10/18/2019 16:56:00 | R83: 24.56 | S83: 10/18/2019 16:56:00 | T83: 17.67 | U83: 10/18/2019 16:56:00 | V83: 5.89 | W83: 10/18/2019 16:56:00 | X83: 118.25 | Y83: 10/18/2019 16:56:00 | Z83: 28.06 | AA83: 10/18/2019 16:56:00 | AB83: 23.39 | AC83: 10/18/2019 16:56:00 | AD83: 18.13 | AE83: 10/18/2019 16:56:00 | AF83: 29.58 | AG83: 10/18/2019 16:56:00 | AH83: 46.03 | AI83: 10/18/2019 16:56:00 | AJ83: 46.8 | AK83: 10/18/2019 16:56:00 | AL83: 8.12 | AM83: 10/18/2019 16:56:00 | AN83: 94.4 | AO83: 10/18/2019 16:56:00 | AP83: 118.5 | AQ83: 10/18/2019 16:56:00 | AR83: 11.2 | AS83: 10/18/2019 16:56:00 | AT83: 1214 | AU83: 10/18/2019 16:56:00 | AV83: 143 | AW83: 10/18/2019 16:56:00 | AX83: 123.67 | AY83: 10/18/2019 16:56:00 | AZ83: 4.52 | BA83: 10/18/2019 16:56:00 | BB83: 161.36 | BC83: 10/18/2019 16:56:00 | BD83: 17.72 | BE83: 10/18/2019 16:56:00 | BF83: 16.28 | BG83: 10/18/2019 16:56:00 | BH83: 35.2 | BI83: 10/18/2019 16:56:00 | BJ83: 167 | BK83: 10/18/2019 16:56:00 | BL83: 24.36 | BM83: 10/18/2019 16:56:00 | BN83: 46.44 | BO83: 10/18/2019 16:56:00 | BP83: 27.6 | BQ83: 10/18/2019 16:56:00 | BR83: 17.12 | BS83: 10/18/2019 16:56:00 | BT83: 11.61 | BU83: 10/18/2019 16:56:00 | BV83: 104728,89 | BW83: 10/18/2019 16:56:00 | BX83: 29,89
B84: 84 | C84: 10/21/2019 16:56:00 | D84: 18.35 | E84: 10/21/2019 16:56:00 | F84: 34.8 | G84: 10/21/2019 16:56:00 | H84: 44.14 | I84: 10/21/2019 16:56:00 | J84: 11.7 | K84: 10/21/2019 16:56:00 | L84: 19.23 | M84: 10/21/2019 16:56:00 | N84: 13.26 | O84: 10/21/2019 16:56:00 | P84: 30.07 | Q84: 10/21/2019 16:56:00 | R84: 25 | S84: 10/21/2019 16:56:00 | T84: 17.69 | U84: 10/21/2019 16:56:00 | V84: 5.87 | W84: 10/21/2019 16:56:00 | X84: 119 | Y84: 10/21/2019 16:56:00 | Z84: 28.28 | AA84: 10/21/2019 16:56:00 | AB84: 23.29 | AC84: 10/21/2019 16:56:00 | AD84: 18.71 | AE84: 10/21/2019 16:56:00 | AF84: 29.91 | AG84: 10/21/2019 16:56:00 | AH84: 47.21 | AI84: 10/21/2019 16:56:00 | AJ84: 45.97 | AK84: 10/21/2019 16:56:00 | AL84: 8.12 | AM84: 10/21/2019 16:56:00 | AN84: 94.4 | AO84: 10/21/2019 16:56:00 | AP84: 119 | AQ84: 10/21/2019 16:56:00 | AR84: 11.2 | AS84: 10/21/2019 16:56:00 | AT84: 1214 | AU84: 10/21/2019 16:56:00 | AV84: 143.4 | AW84: 10/21/2019 16:56:00 | AX84: 124.53 | AY84: 10/21/2019 16:56:00 | AZ84: 4.55 | BA84: 10/21/2019 16:56:00 | BB84: 162 | BC84: 10/21/2019 16:56:00 | BD84: 17.56 | BE84: 10/21/2019 16:56:00 | BF84: 16.1 | BG84: 10/21/2019 16:56:00 | BH84: 35.14 | BI84: 10/21/2019 16:56:00 | BJ84: 168.48 | BK84: 10/21/2019 16:56:00 | BL84: 24.44 | BM84: 10/21/2019 16:56:00 | BN84: 46.89 | BO84: 10/21/2019 16:56:00 | BP84: 27.77 | BQ84: 10/21/2019 16:56:00 | BR84: 17.08 | BS84: 10/21/2019 16:56:00 | BT84: 11.81 | BU84: 10/21/2019 16:56:00 | BV84: 106022,28 | BW84: 10/21/2019 16:56:00 | BX84: 29,99
B85: 85 | C85: 10/22/2019 16:56:00 | D85: 18.47 | E85: 10/22/2019 16:56:00 | F85: 35.35 | G85: 10/22/2019 16:56:00 | H85: 43.95 | I85: 10/22/2019 16:56:00 | J85: 12.11 | K85: 10/22/2019 16:56:00 | L85: 19 | M85: 10/22/2019 16:56:00 | N85: 13.56 | O85: 10/22/2019 16:56:00 | P85: 30.51 | Q85: 10/22/2019 16:56:00 | R85: 24.75 | S85: 10/22/2019 16:56:00 | T85: 17.99 | U85: 10/22/2019 16:56:00 | V85: 5.82 | W85: 10/22/2019 16:56:00 | X85: 118.3 | Y85: 10/22/2019 16:56:00 | Z85: 28.24 | AA85: 10/22/2019 16:56:00 | AB85: 23.04 | AC85: 10/22/2019 16:56:00 | AD85: 18.88 | AE85: 10/22/2019 16:56:00 | AF85: 30.3 | AG85: 10/22/2019 16:56:00 | AH85: 47.3 | AI85: 10/22/2019 16:56:00 | AJ85: 45.1 | AK85: 10/22/2019 16:56:00 | AL85: 8.04 | AM85: 10/22/2019 16:56:00 | AN85: 94.38 | AO85: 10/22/2019 16:56:00 | AP85: 119.55 | AQ85: 10/22/2019 16:56:00 | AR85: 11.2 | AS85: 10/22/2019 16:56:00 | AT85: 1220 | AU85: 10/22/2019 16:56:00 | AV85: 143.7 | AW85: 10/22/2019 16:56:00 | AX85: 124.2 | AY85: 10/22/2019 16:56:00 | AZ85: 4.65 | BA85: 10/22/2019 16:56:00 | BB85: 161.99 | BC85: 10/22/2019 16:56:00 | BD85: 17.81 | BE85: 10/22/2019 16:56:00 | BF85: 15.85 | BG85: 10/22/2019 16:56:00 | BH85: 35.2 | BI85: 10/22/2019 16:56:00 | BJ85: 169.5 | BK85: 10/22/2019 16:56:00 | BL85: 24.74 | BM85: 10/22/2019 16:56:00 | BN85: 47.53 | BO85: 10/22/2019 16:56:00 | BP85: 28.57 | BQ85: 10/22/2019 16:56:00 | BR85: 17.6 | BS85: 10/22/2019 16:56:00 | BT85: 11.88 | BU85: 10/22/2019 16:56:00 | BV85: 107381,11 | BW85: 10/22/2019 16:56:00 | BX85: 29,87
B86: 86 | C86: 10/23/2019 16:56:00 | D86: 18.4 | E86: 10/23/2019 16:56:00 | F86: 35.54 | G86: 10/23/2019 16:56:00 | H86: 43.74 | I86: 10/23/2019 16:56:00 | J86: 12.4 | K86: 10/23/2019 16:56:00 | L86: 18.74 | M86: 10/23/2019 16:56:00 | N86: 13.66 | O86: 10/23/2019 16:56:00 | P86: 30.96 | Q86: 10/23/2019 16:56:00 | R86: 24.46 | S86: 10/23/2019 16:56:00 | T86: 17.69 | U86: 10/23/2019 16:56:00 | V86: 5.98 | W86: 10/23/2019 16:56:00 | X86: 119.75 | Y86: 10/23/2019 16:56:00 | Z86: 28.1 | AA86: 10/23/2019 16:56:00 | AB86: 23.16 | AC86: 10/23/2019 16:56:00 | AD86: 18.77 | AE86: 10/23/2019 16:56:00 | AF86: 29.89 | AG86: 10/23/2019 16:56:00 | AH86: 47.11 | AI86: 10/23/2019 16:56:00 | AJ86: 45 | AK86: 10/23/2019 16:56:00 | AL86: 7.96 | AM86: 10/23/2019 16:56:00 | AN86: 94.72 | AO86: 10/23/2019 16:56:00 | AP86: 119.75 | AQ86: 10/23/2019 16:56:00 | AR86: 11.2 | AS86: 10/23/2019 16:56:00 | AT86: 1211.11 | AU86: 10/23/2019 16:56:00 | AV86: 142.68 | AW86: 10/23/2019 16:56:00 | AX86: 124 | AY86: 10/23/2019 16:56:00 | AZ86: 4.85 | BA86: 10/23/2019 16:56:00 | BB86: 161.25 | BC86: 10/23/2019 16:56:00 | BD86: 17.61 | BE86: 10/23/2019 16:56:00 | BF86: 15.8 | BG86: 10/23/2019 16:56:00 | BH86: 36.03 | BI86: 10/23/2019 16:56:00 | BJ86: 169 | BK86: 10/23/2019 16:56:00 | BL86: 25.84 | BM86: 10/23/2019 16:56:00 | BN86: 48.24 | BO86: 10/23/2019 16:56:00 | BP86: 28.95 | BQ86: 10/23/2019 16:56:00 | BR86: 17.53 | BS86: 10/23/2019 16:56:00 | BT86: 11.85 | BU86: 10/23/2019 16:56:00 | BV86: 107543,59 | BW86: 10/23/2019 16:56:00 | BX86: 29,8
B87: 87 | C87: 10/24/2019 16:56:00 | D87: 18.34 | E87: 10/24/2019 16:56:00 | F87: 35.65 | G87: 10/24/2019 16:56:00 | H87: 43.81 | I87: 10/24/2019 16:56:00 | J87: 12.21 | K87: 10/24/2019 16:56:00 | L87: 18.37 | M87: 10/24/2019 16:56:00 | N87: 13.65 | O87: 10/24/2019 16:56:00 | P87: 31.17 | Q87: 10/24/2019 16:56:00 | R87: 24.6 | S87: 10/24/2019 16:56:00 | T87: 17.27 | U87: 10/24/2019 16:56:00 | V87: 6 | W87: 10/24/2019 16:56:00 | X87: 119.39 | Y87: 10/24/2019 16:56:00 | Z87: 28 | AA87: 10/24/2019 16:56:00 | AB87: 23.04 | AC87: 10/24/2019 16:56:00 | AD87: 18.5 | AE87: 10/24/2019 16:56:00 | AF87: 29.61 | AG87: 10/24/2019 16:56:00 | AH87: 46.75 | AI87: 10/24/2019 16:56:00 | AJ87: 45.15 | AK87: 10/24/2019 16:56:00 | AL87: 7.97 | AM87: 10/24/2019 16:56:00 | AN87: 95.29 | AO87: 10/24/2019 16:56:00 | AP87: 119 | AQ87: 10/24/2019 16:56:00 | AR87: 11.18 | AS87: 10/24/2019 16:56:00 | AT87: 1218 | AU87: 10/24/2019 16:56:00 | AV87: 144 | AW87: 10/24/2019 16:56:00 | AX87: 124.4 | AY87: 10/24/2019 16:56:00 | AZ87: 5.16 | BA87: 10/24/2019 16:56:00 | BB87: 161.85 | BC87: 10/24/2019 16:56:00 | BD87: 17.08 | BE87: 10/24/2019 16:56:00 | BF87: 15.71 | BG87: 10/24/2019 16:56:00 | BH87: 36.5 | BI87: 10/24/2019 16:56:00 | BJ87: 171.2 | BK87: 10/24/2019 16:56:00 | BL87: 26.1 | BM87: 10/24/2019 16:56:00 | BN87: 48.62 | BO87: 10/24/2019 16:56:00 | BP87: 28.32 | BQ87: 10/24/2019 16:56:00 | BR87: 17.8 | BS87: 10/24/2019 16:56:00 | BT87: 11.76 | BU87: 10/24/2019 16:56:00 | BV87: 106986,15 | BW87: 10/24/2019 16:56:00 | BX87: 29,78
B88: 88 | C88: 10/25/2019 16:56:00 | D88: 18.36 | E88: 10/25/2019 16:56:00 | F88: 35.19 | G88: 10/25/2019 16:56:00 | H88: 43.53 | I88: 10/25/2019 16:56:00 | J88: 12.45 | K88: 10/25/2019 16:56:00 | L88: 18.06 | M88: 10/25/2019 16:56:00 | N88: 13.79 | O88: 10/25/2019 16:56:00 | P88: 31.26 | Q88: 10/25/2019 16:56:00 | R88: 24.65 | S88: 10/25/2019 16:56:00 | T88: 17.36 | U88: 10/25/2019 16:56:00 | V88: 5.95 | W88: 10/25/2019 16:56:00 | X88: 119.37 | Y88: 10/25/2019 16:56:00 | Z88: 27.89 | AA88: 10/25/2019 16:56:00 | AB88: 23.02 | AC88: 10/25/2019 16:56:00 | AD88: 18.68 | AE88: 10/25/2019 16:56:00 | AF88: 30.14 | AG88: 10/25/2019 16:56:00 | AH88: 48.56 | AI88: 10/25/2019 16:56:00 | AJ88: 44.22 | AK88: 10/25/2019 16:56:00 | AL88: 7.93 | AM88: 10/25/2019 16:56:00 | AN88: 95.02 | AO88: 10/25/2019 16:56:00 | AP88: 120 | AQ88: 10/25/2019 16:56:00 | AR88: 11.2 | AS88: 10/25/2019 16:56:00 | AT88: 1217.01 | AU88: 10/25/2019 16:56:00 | AV88: 145.65 | AW88: 10/25/2019 16:56:00 | AX88: 124.4 | AY88: 10/25/2019 16:56:00 | AZ88: 5.36 | BA88: 10/25/2019 16:56:00 | BB88: 161.2 | BC88: 10/25/2019 16:56:00 | BD88: 16.78 | BE88: 10/25/2019 16:56:00 | BF88: 16 | BG88: 10/25/2019 16:56:00 | BH88: 36.17 | BI88: 10/25/2019 16:56:00 | BJ88: 170.97 | BK88: 10/25/2019 16:56:00 | BL88: 25.41 | BM88: 10/25/2019 16:56:00 | BN88: 48.41 | BO88: 10/25/2019 16:56:00 | BP88: 29.25 | BQ88: 10/25/2019 16:56:00 | BR88: 17.92 | BS88: 10/25/2019 16:56:00 | BT88: 11.8 | BU88: 10/25/2019 16:56:00 | BV88: 107363,77 | BW88: 10/25/2019 16:56:00 | BX88: 29,91
B89: 89 | C89: 10/28/2019 16:56:00 | D89: 18.57 | E89: 10/28/2019 16:56:00 | F89: 34.78 | G89: 10/28/2019 16:56:00 | H89: 44.22 | I89: 10/28/2019 16:56:00 | J89: 12.88 | K89: 10/28/2019 16:56:00 | L89: 18.51 | M89: 10/28/2019 16:56:00 | N89: 13.91 | O89: 10/28/2019 16:56:00 | P89: 31.84 | Q89: 10/28/2019 16:56:00 | R89: 24.7 | S89: 10/28/2019 16:56:00 | T89: 17.52 | U89: 10/28/2019 16:56:00 | V89: 5.98 | W89: 10/28/2019 16:56:00 | X89: 120.5 | Y89: 10/28/2019 16:56:00 | Z89: 28 | AA89: 10/28/2019 16:56:00 | AB89: 23.06 | AC89: 10/28/2019 16:56:00 | AD89: 18.91 | AE89: 10/28/2019 16:56:00 | AF89: 29.7 | AG89: 10/28/2019 16:56:00 | AH89: 48.7 | AI89: 10/28/2019 16:56:00 | AJ89: 44.36 | AK89: 10/28/2019 16:56:00 | AL89: 7.9 | AM89: 10/28/2019 16:56:00 | AN89: 95.89 | AO89: 10/28/2019 16:56:00 | AP89: 119.85 | AQ89: 10/28/2019 16:56:00 | AR89: 11.2 | AS89: 10/28/2019 16:56:00 | AT89: 1225 | AU89: 10/28/2019 16:56:00 | AV89: 145.1 | AW89: 10/28/2019 16:56:00 | AX89: 124.5 | AY89: 10/28/2019 16:56:00 | AZ89: 5.5 | BA89: 10/28/2019 16:56:00 | BB89: 162.57 | BC89: 10/28/2019 16:56:00 | BD89: 17 | BE89: 10/28/2019 16:56:00 | BF89: 16.5 | BG89: 10/28/2019 16:56:00 | BH89: 36.8 | BI89: 10/28/2019 16:56:00 | BJ89: 172.7 | BK89: 10/28/2019 16:56:00 | BL89: 25.58 | BM89: 10/28/2019 16:56:00 | BN89: 48.75 | BO89: 10/28/2019 16:56:00 | BP89: 29.6 | BQ89: 10/28/2019 16:56:00 | BR89: 18.16 | BS89: 10/28/2019 16:56:00 | BT89: 11.67 | BU89: 10/28/2019 16:56:00 | BV89: 108187,06 | BW89: 10/28/2019 16:56:00 | BX89: 29,62
B90: 90 | C90: 10/29/2019 16:56:00 | D90: 18.39 | E90: 10/29/2019 16:56:00 | F90: 34.18 | G90: 10/29/2019 16:56:00 | H90: 44.69 | I90: 10/29/2019 16:56:00 | J90: 12.7 | K90: 10/29/2019 16:56:00 | L90: 18.65 | M90: 10/29/2019 16:56:00 | N90: 13.78 | O90: 10/29/2019 16:56:00 | P90: 31.37 | Q90: 10/29/2019 16:56:00 | R90: 24.82 | S90: 10/29/2019 16:56:00 | T90: 18.05 | U90: 10/29/2019 16:56:00 | V90: 5.96 | W90: 10/29/2019 16:56:00 | X90: 123.5 | Y90: 10/29/2019 16:56:00 | Z90: 28 | AA90: 10/29/2019 16:56:00 | AB90: 23.25 | AC90: 10/29/2019 16:56:00 | AD90: 18.83 | AE90: 10/29/2019 16:56:00 | AF90: 29.8 | AG90: 10/29/2019 16:56:00 | AH90: 48.65 | AI90: 10/29/2019 16:56:00 | AJ90: 44.55 | AK90: 10/29/2019 16:56:00 | AL90: 7.81 | AM90: 10/29/2019 16:56:00 | AN90: 97.15 | AO90: 10/29/2019 16:56:00 | AP90: 123 | AQ90: 10/29/2019 16:56:00 | AR90: 11.19 | AS90: 10/29/2019 16:56:00 | AT90: 1215 | AU90: 10/29/2019 16:56:00 | AV90: 145.35 | AW90: 10/29/2019 16:56:00 | AX90: 125.2 | AY90: 10/29/2019 16:56:00 | AZ90: 5.7 | BA90: 10/29/2019 16:56:00 | BB90: 162.55 | BC90: 10/29/2019 16:56:00 | BD90: 16.81 | BE90: 10/29/2019 16:56:00 | BF90: 16.93 | BG90: 10/29/2019 16:56:00 | BH90: 37.13 | BI90: 10/29/2019 16:56:00 | BJ90: 171.51 | BK90: 10/29/2019 16:56:00 | BL90: 25.52 | BM90: 10/29/2019 16:56:00 | BN90: 47.9 | BO90: 10/29/2019 16:56:00 | BP90: 29.82 | BQ90: 10/29/2019 16:56:00 | BR90: 18.38 | BS90: 10/29/2019 16:56:00 | BT90: 11.53 | BU90: 10/29/2019 16:56:00 | BV90: 107556,26 | BW90: 10/29/2019 16:56:00 | BX90: 29,5
B91: 91 | C91: 10/30/2019 16:56:00 | D91: 18.23 | E91: 10/30/2019 16:56:00 | F91: 34 | G91: 10/30/2019 16:56:00 | H91: 45.31 | I91: 10/30/2019 16:56:00 | J91: 13.1 | K91: 10/30/2019 16:56:00 | L91: 18.86 | M91: 10/30/2019 16:56:00 | N91: 13.95 | O91: 10/30/2019 16:56:00 | P91: 31.56 | Q91: 10/30/2019 16:56:00 | R91: 24.8 | S91: 10/30/2019 16:56:00 | T91: 18.17 | U91: 10/30/2019 16:56:00 | V91: 6.01 | W91: 10/30/2019 16:56:00 | X91: 122.98 | Y91: 10/30/2019 16:56:00 | Z91: 28.59 | AA91: 10/30/2019 16:56:00 | AB91: 23.63 | AC91: 10/30/2019 16:56:00 | AD91: 18.92 | AE91: 10/30/2019 16:56:00 | AF91: 29.7 | AG91: 10/30/2019 16:56:00 | AH91: 48.59 | AI91: 10/30/2019 16:56:00 | AJ91: 44.55 | AK91: 10/30/2019 16:56:00 | AL91: 7.85 | AM91: 10/30/2019 16:56:00 | AN91: 98.99 | AO91: 10/30/2019 16:56:00 | AP91: 123.5 | AQ91: 10/30/2019 16:56:00 | AR91: 11.21 | AS91: 10/30/2019 16:56:00 | AT91: 1218.3 | AU91: 10/30/2019 16:56:00 | AV91: 144 | AW91: 10/30/2019 16:56:00 | AX91: 125.8 | AY91: 10/30/2019 16:56:00 | AZ91: 6.47 | BA91: 10/30/2019 16:56:00 | BB91: 162 | BC91: 10/30/2019 16:56:00 | BD91: 17.17 | BE91: 10/30/2019 16:56:00 | BF91: 17.05 | BG91: 10/30/2019 16:56:00 | BH91: 38 | BI91: 10/30/2019 16:56:00 | BJ91: 170.66 | BK91: 10/30/2019 16:56:00 | BL91: 25.85 | BM91: 10/30/2019 16:56:00 | BN91: 48.5 | BO91: 10/30/2019 16:56:00 | BP91: 30.08 | BQ91: 10/30/2019 16:56:00 | BR91: 18.5 | BS91: 10/30/2019 16:56:00 | BT91: 11.72 | BU91: 10/30/2019 16:56:00 | BV91: 108407,54 | BW91: 10/30/2019 16:56:00 | BX91: 30
B92: 92 | C92: 10/31/2019 16:56:00 | D92: 18.04 | E92: 10/31/2019 16:56:00 | F92: 33.97 | G92: 10/31/2019 16:56:00 | H92: 45.26 | I92: 10/31/2019 16:56:00 | J92: 13.16 | K92: 10/31/2019 16:56:00 | L92: 18.97 | M92: 10/31/2019 16:56:00 | N92: 13.71 | O92: 10/31/2019 16:56:00 | P92: 31.17 | Q92: 10/31/2019 16:56:00 | R92: 24.55 | S92: 10/31/2019 16:56:00 | T92: 17.59 | U92: 10/31/2019 16:56:00 | V92: 6.05 | W92: 10/31/2019 16:56:00 | X92: 124.03 | Y92: 10/31/2019 16:56:00 | Z92: 28.88 | AA92: 10/31/2019 16:56:00 | AB92: 23.57 | AC92: 10/31/2019 16:56:00 | AD92: 19.13 | AE92: 10/31/2019 16:56:00 | AF92: 29.01 | AG92: 10/31/2019 16:56:00 | AH92: 47.2 | AI92: 10/31/2019 16:56:00 | AJ92: 44.5 | AK92: 10/31/2019 16:56:00 | AL92: 7.89 | AM92: 10/31/2019 16:56:00 | AN92: 99.29 | AO92: 10/31/2019 16:56:00 | AP92: 125 | AQ92: 10/31/2019 16:56:00 | AR92: 11.2 | AS92: 10/31/2019 16:56:00 | AT92: 1223.99 | AU92: 10/31/2019 16:56:00 | AV92: 143.5 | AW92: 10/31/2019 16:56:00 | AX92: 126.99 | AY92: 10/31/2019 16:56:00 | AZ92: 6.12 | BA92: 10/31/2019 16:56:00 | BB92: 162.19 | BC92: 10/31/2019 16:56:00 | BD92: 17.26 | BE92: 10/31/2019 16:56:00 | BF92: 17.34 | BG92: 10/31/2019 16:56:00 | BH92: 37.75 | BI92: 10/31/2019 16:56:00 | BJ92: 170 | BK92: 10/31/2019 16:56:00 | BL92: 25.5 | BM92: 10/31/2019 16:56:00 | BN92: 48.38 | BO92: 10/31/2019 16:56:00 | BP92: 30.39 | BQ92: 10/31/2019 16:56:00 | BR92: 18.5 | BS92: 10/31/2019 16:56:00 | BT92: 11.71 | BU92: 10/31/2019 16:56:00 | BV92: 107219,83 | BW92: 10/31/2019 16:56:00 | BX92: 29,7
B93: 93 | C93: 11/1/2019 16:56:00 | D93: 18.65 | E93: 11/1/2019 16:56:00 | F93: 34.32 | G93: 11/1/2019 16:56:00 | H93: 45.98 | I93: 11/1/2019 16:56:00 | J93: 13.15 | K93: 11/1/2019 16:56:00 | L93: 18.9 | M93: 11/1/2019 16:56:00 | N93: 13.76 | O93: 11/1/2019 16:56:00 | P93: 31.19 | Q93: 11/1/2019 16:56:00 | R93: 24.74 | S93: 11/1/2019 16:56:00 | T93: 18.25 | U93: 11/1/2019 16:56:00 | V93: 6.13 | W93: 11/1/2019 16:56:00 | X93: 120 | Y93: 11/1/2019 16:56:00 | Z93: 28.66 | AA93: 11/1/2019 16:56:00 | AB93: 23.46 | AC93: 11/1/2019 16:56:00 | AD93: 19.06 | AE93: 11/1/2019 16:56:00 | AF93: 29.74 | AG93: 11/1/2019 16:56:00 | AH93: 48.44 | AI93: 11/1/2019 16:56:00 | AJ93: 44.26 | AK93: 11/1/2019 16:56:00 | AL93: 8.06 | AM93: 11/1/2019 16:56:00 | AN93: 100.22 | AO93: 11/1/2019 16:56:00 | AP93: 124.18 | AQ93: 11/1/2019 16:56:00 | AR93: 11.2 | AS93: 11/1/2019 16:56:00 | AT93: 1219.95 | AU93: 11/1/2019 16:56:00 | AV93: 146.69 | AW93: 11/1/2019 16:56:00 | AX93: 125.97 | AY93: 11/1/2019 16:56:00 | AZ93: 6.13 | BA93: 11/1/2019 16:56:00 | BB93: 162.1 | BC93: 11/1/2019 16:56:00 | BD93: 17.8 | BE93: 11/1/2019 16:56:00 | BF93: 17.39 | BG93: 11/1/2019 16:56:00 | BH93: 38.1 | BI93: 11/1/2019 16:56:00 | BJ93: 170.5 | BK93: 11/1/2019 16:56:00 | BL93: 25.88 | BM93: 11/1/2019 16:56:00 | BN93: 49.2 | BO93: 11/1/2019 16:56:00 | BP93: 30.43 | BQ93: 11/1/2019 16:56:00 | BR93: 18.82 | BS93: 11/1/2019 16:56:00 | BT93: 11.8 | BU93: 11/1/2019 16:56:00 | BV93: 108195,63 | BW93: 11/1/2019 16:56:00 | BX93: 29,64
B94: 94 | C94: 11/4/2019 16:56:00 | D94: 18.48 | E94: 11/4/2019 16:56:00 | F94: 33.62 | G94: 11/4/2019 16:56:00 | H94: 46.01 | I94: 11/4/2019 16:56:00 | J94: 13.35 | K94: 11/4/2019 16:56:00 | L94: 19 | M94: 11/4/2019 16:56:00 | N94: 13.9 | O94: 11/4/2019 16:56:00 | P94: 31.33 | Q94: 11/4/2019 16:56:00 | R94: 24.88 | S94: 11/4/2019 16:56:00 | T94: 19.1 | U94: 11/4/2019 16:56:00 | V94: 6.02 | W94: 11/4/2019 16:56:00 | X94: 118.97 | Y94: 11/4/2019 16:56:00 | Z94: 29 | AA94: 11/4/2019 16:56:00 | AB94: 23.31 | AC94: 11/4/2019 16:56:00 | AD94: 19.4 | AE94: 11/4/2019 16:56:00 | AF94: 30.48 | AG94: 11/4/2019 16:56:00 | AH94: 49.82 | AI94: 11/4/2019 16:56:00 | AJ94: 45.2 | AK94: 11/4/2019 16:56:00 | AL94: 8.09 | AM94: 11/4/2019 16:56:00 | AN94: 102.9 | AO94: 11/4/2019 16:56:00 | AP94: 125.4 | AQ94: 11/4/2019 16:56:00 | AR94: 11.24 | AS94: 11/4/2019 16:56:00 | AT94: 1225 | AU94: 11/4/2019 16:56:00 | AV94: 145.25 | AW94: 11/4/2019 16:56:00 | AX94: 125.27 | AY94: 11/4/2019 16:56:00 | AZ94: 6.1 | BA94: 11/4/2019 16:56:00 | BB94: 163.6 | BC94: 11/4/2019 16:56:00 | BD94: 17.55 | BE94: 11/4/2019 16:56:00 | BF94: 17.25 | BG94: 11/4/2019 16:56:00 | BH94: 36.99 | BI94: 11/4/2019 16:56:00 | BJ94: 172.8 | BK94: 11/4/2019 16:56:00 | BL94: 26.13 | BM94: 11/4/2019 16:56:00 | BN94: 49.27 | BO94: 11/4/2019 16:56:00 | BP94: 30.36 | BQ94: 11/4/2019 16:56:00 | BR94: 19.36 | BS94: 11/4/2019 16:56:00 | BT94: 11.88 | BU94: 11/4/2019 16:56:00 | BV94: 108779,33 | BW94: 11/4/2019 16:56:00 | BX94: 29,9
B95: 95 | C95: 11/5/2019 16:56:00 | D95: 18.16 | E95: 11/5/2019 16:56:00 | F95: 34.45 | G95: 11/5/2019 16:56:00 | H95: 45.97 | I95: 11/5/2019 16:56:00 | J95: 13.2 | K95: 11/5/2019 16:56:00 | L95: 18.8 | M95: 11/5/2019 16:56:00 | N95: 14.07 | O95: 11/5/2019 16:56:00 | P95: 31.73 | Q95: 11/5/2019 16:56:00 | R95: 24.54 | S95: 11/5/2019 16:56:00 | T95: 18.73 | U95: 11/5/2019 16:56:00 | V95: 5.93 | W95: 11/5/2019 16:56:00 | X95: 119.18 | Y95: 11/5/2019 16:56:00 | Z95: 28.87 | AA95: 11/5/2019 16:56:00 | AB95: 23.1 | AC95: 11/5/2019 16:56:00 | AD95: 18.87 | AE95: 11/5/2019 16:56:00 | AF95: 29.91 | AG95: 11/5/2019 16:56:00 | AH95: 49.87 | AI95: 11/5/2019 16:56:00 | AJ95: 44.7 | AK95: 11/5/2019 16:56:00 | AL95: 7.84 | AM95: 11/5/2019 16:56:00 | AN95: 104.01 | AO95: 11/5/2019 16:56:00 | AP95: 123.05 | AQ95: 11/5/2019 16:56:00 | AR95: 11.4 | AS95: 11/5/2019 16:56:00 | AT95: 1233 | AU95: 11/5/2019 16:56:00 | AV95: 142.44 | AW95: 11/5/2019 16:56:00 | AX95: 126 | AY95: 11/5/2019 16:56:00 | AZ95: 6.01 | BA95: 11/5/2019 16:56:00 | BB95: 165.65 | BC95: 11/5/2019 16:56:00 | BD95: 17.47 | BE95: 11/5/2019 16:56:00 | BF95: 17.1 | BG95: 11/5/2019 16:56:00 | BH95: 36.69 | BI95: 11/5/2019 16:56:00 | BJ95: 169 | BK95: 11/5/2019 16:56:00 | BL95: 26.74 | BM95: 11/5/2019 16:56:00 | BN95: 49.3 | BO95: 11/5/2019 16:56:00 | BP95: 29.65 | BQ95: 11/5/2019 16:56:00 | BR95: 19.03 | BS95: 11/5/2019 16:56:00 | BT95: 11.9 | BU95: 11/5/2019 16:56:00 | BV95: 108719,02 | BW95: 11/5/2019 16:56:00 | BX95: 29,98
B96: 96 | C96: 11/6/2019 16:56:00 | D96: 18.67 | E96: 11/6/2019 16:56:00 | F96: 35.37 | G96: 11/6/2019 16:56:00 | H96: 46.02 | I96: 11/6/2019 16:56:00 | J96: 13.1 | K96: 11/6/2019 16:56:00 | L96: 18.87 | M96: 11/6/2019 16:56:00 | N96: 13.96 | O96: 11/6/2019 16:56:00 | P96: 31.73 | Q96: 11/6/2019 16:56:00 | R96: 24.5 | S96: 11/6/2019 16:56:00 | T96: 18.7 | U96: 11/6/2019 16:56:00 | V96: 6.08 | W96: 11/6/2019 16:56:00 | X96: 119.9 | Y96: 11/6/2019 16:56:00 | Z96: 28.74 | AA96: 11/6/2019 16:56:00 | AB96: 23.22 | AC96: 11/6/2019 16:56:00 | AD96: 19 | AE96: 11/6/2019 16:56:00 | AF96: 30 | AG96: 11/6/2019 16:56:00 | AH96: 49.69 | AI96: 11/6/2019 16:56:00 | AJ96: 45.3 | AK96: 11/6/2019 16:56:00 | AL96: 7.9 | AM96: 11/6/2019 16:56:00 | AN96: 103.8 | AO96: 11/6/2019 16:56:00 | AP96: 126.03 | AQ96: 11/6/2019 16:56:00 | AR96: 11.49 | AS96: 11/6/2019 16:56:00 | AT96: 1238.98 | AU96: 11/6/2019 16:56:00 | AV96: 143.45 | AW96: 11/6/2019 16:56:00 | AX96: 125.45 | AY96: 11/6/2019 16:56:00 | AZ96: 5.99 | BA96: 11/6/2019 16:56:00 | BB96: 166.84 | BC96: 11/6/2019 16:56:00 | BD96: 17.74 | BE96: 11/6/2019 16:56:00 | BF96: 17.25 | BG96: 11/6/2019 16:56:00 | BH96: 36.67 | BI96: 11/6/2019 16:56:00 | BJ96: 169.7 | BK96: 11/6/2019 16:56:00 | BL96: 27.17 | BM96: 11/6/2019 16:56:00 | BN96: 48.9 | BO96: 11/6/2019 16:56:00 | BP96: 29.71 | BQ96: 11/6/2019 16:56:00 | BR96: 19.16 | BS96: 11/6/2019 16:56:00 | BT96: 12.12 | BU96: 11/6/2019 16:56:00 | BV96: 108360,22 | BW96: 11/6/2019 16:56:00 | BX96: 30,04
B97: 97 | C97: 11/7/2019 16:56:00 | D97: 18.45 | E97: 11/7/2019 16:56:00 | F97: 35.46 | G97: 11/7/2019 16:56:00 | H97: 46.25 | I97: 11/7/2019 16:56:00 | J97: 13.39 | K97: 11/7/2019 16:56:00 | L97: 18.98 | M97: 11/7/2019 16:56:00 | N97: 13.94 | O97: 11/7/2019 16:56:00 | P97: 31.89 | Q97: 11/7/2019 16:56:00 | R97: 24.73 | S97: 11/7/2019 16:56:00 | T97: 18.55 | U97: 11/7/2019 16:56:00 | V97: 6.03 | W97: 11/7/2019 16:56:00 | X97: 120.4 | Y97: 11/7/2019 16:56:00 | Z97: 28.86 | AA97: 11/7/2019 16:56:00 | AB97: 23.36 | AC97: 11/7/2019 16:56:00 | AD97: 19.1 | AE97: 11/7/2019 16:56:00 | AF97: 30.49 | AG97: 11/7/2019 16:56:00 | AH97: 50.11 | AI97: 11/7/2019 16:56:00 | AJ97: 44.76 | AK97: 11/7/2019 16:56:00 | AL97: 8.04 | AM97: 11/7/2019 16:56:00 | AN97: 103.99 | AO97: 11/7/2019 16:56:00 | AP97: 126.96 | AQ97: 11/7/2019 16:56:00 | AR97: 11.59 | AS97: 11/7/2019 16:56:00 | AT97: 1230 | AU97: 11/7/2019 16:56:00 | AV97: 143.4 | AW97: 11/7/2019 16:56:00 | AX97: 125.49 | AY97: 11/7/2019 16:56:00 | AZ97: 5.52 | BA97: 11/7/2019 16:56:00 | BB97: 169 | BC97: 11/7/2019 16:56:00 | BD97: 18.3 | BE97: 11/7/2019 16:56:00 | BF97: 17.15 | BG97: 11/7/2019 16:56:00 | BH97: 37.15 | BI97: 11/7/2019 16:56:00 | BJ97: 169.75 | BK97: 11/7/2019 16:56:00 | BL97: 28.09 | BM97: 11/7/2019 16:56:00 | BN97: 49.4 | BO97: 11/7/2019 16:56:00 | BP97: 30.9 | BQ97: 11/7/2019 16:56:00 | BR97: 19.73 | BS97: 11/7/2019 16:56:00 | BT97: 12.28 | BU97: 11/7/2019 16:56:00 | BV97: 109580,57 | BW97: 11/7/2019 16:56:00 | BX97: 29,54
B98: 98 | C98: 11/8/2019 16:56:00 | D98: 18.43 | E98: 11/8/2019 16:56:00 | F98: 34.69 | G98: 11/8/2019 16:56:00 | H98: 45.2 | I98: 11/8/2019 16:56:00 | J98: 13.1 | K98: 11/8/2019 16:56:00 | L98: 18.77 | M98: 11/8/2019 16:56:00 | N98: 13.76 | O98: 11/8/2019 16:56:00 | P98: 31.36 | Q98: 11/8/2019 16:56:00 | R98: 24.66 | S98: 11/8/2019 16:56:00 | T98: 18.02 | U98: 11/8/2019 16:56:00 | V98: 5.97 | W98: 11/8/2019 16:56:00 | X98: 121.5 | Y98: 11/8/2019 16:56:00 | Z98: 28.21 | AA98: 11/8/2019 16:56:00 | AB98: 23.45 | AC98: 11/8/2019 16:56:00 | AD98: 19.74 | AE98: 11/8/2019 16:56:00 | AF98: 29.53 | AG98: 11/8/2019 16:56:00 | AH98: 49.18 | AI98: 11/8/2019 16:56:00 | AJ98: 45 | AK98: 11/8/2019 16:56:00 | AL98: 7.83 | AM98: 11/8/2019 16:56:00 | AN98: 102.2 | AO98: 11/8/2019 16:56:00 | AP98: 123.55 | AQ98: 11/8/2019 16:56:00 | AR98: 11.37 | AS98: 11/8/2019 16:56:00 | AT98: 1225.75 | AU98: 11/8/2019 16:56:00 | AV98: 143 | AW98: 11/8/2019 16:56:00 | AX98: 125.8 | AY98: 11/8/2019 16:56:00 | AZ98: 5.54 | BA98: 11/8/2019 16:56:00 | BB98: 168.33 | BC98: 11/8/2019 16:56:00 | BD98: 18.19 | BE98: 11/8/2019 16:56:00 | BF98: 17 | BG98: 11/8/2019 16:56:00 | BH98: 35.93 | BI98: 11/8/2019 16:56:00 | BJ98: 169.43 | BK98: 11/8/2019 16:56:00 | BL98: 28.24 | BM98: 11/8/2019 16:56:00 | BN98: 48.7 | BO98: 11/8/2019 16:56:00 | BP98: 30.02 | BQ98: 11/8/2019 16:56:00 | BR98: 19.8 | BS98: 11/8/2019 16:56:00 | BT98: 12.12 | BU98: 11/8/2019 16:56:00 | BV98: 107628,98 | BW98: 11/8/2019 16:56:00 | BX98: 29,8
B99: 99 | C99: 11/11/2019 16:56:00 | D99: 18.5 | E99: 11/11/2019 16:56:00 | F99: 34.58 | G99: 11/11/2019 16:56:00 | H99: 45.07 | I99: 11/11/2019 16:56:00 | J99: 13.69 | K99: 11/11/2019 16:56:00 | L99: 18.72 | M99: 11/11/2019 16:56:00 | N99: 13.89 | O99: 11/11/2019 16:56:00 | P99: 31.58 | Q99: 11/11/2019 16:56:00 | R99: 24.7 | S99: 11/11/2019 16:56:00 | T99: 17.89 | U99: 11/11/2019 16:56:00 | V99: 5.93 | W99: 11/11/2019 16:56:00 | X99: 120 | Y99: 11/11/2019 16:56:00 | Z99: 28.13 | AA99: 11/11/2019 16:56:00 | AB99: 22.49 | AC99: 11/11/2019 16:56:00 | AD99: 20.18 | AE99: 11/11/2019 16:56:00 | AF99: 29.92 | AG99: 11/11/2019 16:56:00 | AH99: 48.13 | AI99: 11/11/2019 16:56:00 | AJ99: 45.26 | AK99: 11/11/2019 16:56:00 | AL99: 7.83 | AM99: 11/11/2019 16:56:00 | AN99: 103.4 | AO99: 11/11/2019 16:56:00 | AP99: 121 | AQ99: 11/11/2019 16:56:00 | AR99: 11.45 | AS99: 11/11/2019 16:56:00 | AT99: 1234.18 | AU99: 11/11/2019 16:56:00 | AV99: 143.5 | AW99: 11/11/2019 16:56:00 | AX99: 125.5 | AY99: 11/11/2019 16:56:00 | AZ99: 5.08 | BA99: 11/11/2019 16:56:00 | BB99: 169.87 | BC99: 11/11/2019 16:56:00 | BD99: 18.01 | BE99: 11/11/2019 16:56:00 | BF99: 17 | BG99: 11/11/2019 16:56:00 | BH99: 35.41 | BI99: 11/11/2019 16:56:00 | BJ99: 169.1 | BK99: 11/11/2019 16:56:00 | BL99: 29.09 | BM99: 11/11/2019 16:56:00 | BN99: 50.1 | BO99: 11/11/2019 16:56:00 | BP99: 30.45 | BQ99: 11/11/2019 16:56:00 | BR99: 19.54 | BS99: 11/11/2019 16:56:00 | BT99: 12.04 | BU99: 11/11/2019 16:56:00 | BV99: 108367,44 | BW99: 11/11/2019 16:56:00 | BX99: 29,71
B100: 100 | C100: 11/12/2019 16:56:00 | D100: 18.23 | E100: 11/12/2019 16:56:00 | F100: 34.16 | G100: 11/12/2019 16:56:00 | H100: 44.57 | I100: 11/12/2019 16:56:00 | J100: 12.9 | K100: 11/12/2019 16:56:00 | L100: 18.96 | M100: 11/12/2019 16:56:00 | N100: 13.73 | O100: 11/12/2019 16:56:00 | P100: 30.92 | Q100: 11/12/2019 16:56:00 | R100: 24.5 | S100: 11/12/2019 16:56:00 | T100: 17.69 | U100: 11/12/2019 16:56:00 | V100: 6.01 | W100: 11/12/2019 16:56:00 | X100: 120 | Y100: 11/12/2019 16:56:00 | Z100: 28.42 | AA100: 11/12/2019 16:56:00 | AB100: 22.6 | AC100: 11/12/2019 16:56:00 | AD100: 19.65 | AE100: 11/12/2019 16:56:00 | AF100: 30.08 | AG100: 11/12/2019 16:56:00 | AH100: 47.9 | AI100: 11/12/2019 16:56:00 | AJ100: 44.93 | AK100: 11/12/2019 16:56:00 | AL100: 7.75 | AM100: 11/12/2019 16:56:00 | AN100: 104.06 | AO100: 11/12/2019 16:56:00 | AP100: 121 | AQ100: 11/12/2019 16:56:00 | AR100: 11.54 | AS100: 11/12/2019 16:56:00 | AT100: 1234.49 | AU100: 11/12/2019 16:56:00 | AV100: 141.7 | AW100: 11/12/2019 16:56:00 | AX100: 125.54 | AY100: 11/12/2019 16:56:00 | AZ100: 4.64 | BA100: 11/12/2019 16:56:00 | BB100: 169.02 | BC100: 11/12/2019 16:56:00 | BD100: 17.64 | BE100: 11/12/2019 16:56:00 | BF100: 17.18 | BG100: 11/12/2019 16:56:00 | BH100: 34.38 | BI100: 11/12/2019 16:56:00 | BJ100: 168.53 | BK100: 11/12/2019 16:56:00 | BL100: 28.5 | BM100: 11/12/2019 16:56:00 | BN100: 49.2 | BO100: 11/12/2019 16:56:00 | BP100: 30.02 | BQ100: 11/12/2019 16:56:00 | BR100: 19.36 | BS100: 11/12/2019 16:56:00 | BT100: 11.96 | BU100: 11/12/2019 16:56:00 | BV100: 106751,11 | BW100: 11/12/2019 16:56:00 | BX100: 29
...

Sheet Profit
A1: Data | B1: TAEE11 | C1: TIET11
A2: 43608 | B2: 23.33 | C2: 10.32
A3: 43609 | B3: 23.2 | C3: 10.31
A4: 43612 | B4: 23.28 | C4: 10.32
A5: 43613 | B5: 23.79 | C5: 10.51
A6: 43614 | B6: 23.66 | C6: 10.56
A7: 43615 | B7: 23.72 | C7: 10.62
A8: 43616 | B8: 24.52 | C8: 10.87
A9: 43619 | B9: 24.44 | C9: 10.74
A10: 43620 | B10: 24.54 | C10: 10.85
A11: 43621 | B11: 24.64 | C11: 10.83
A12: 43622 | B12: 25.15 | C12: 10.97
A13: 43623 | B13: 25.37 | C13: 11.02
... A249: 43972 | B249: 27.92 | C249: 13.6

Sheet Valorização
A1: DATA | B1: ABCB4 | C1: BBSE3 | D1: EGIE3 | E1: ENAT3 | F1: ENBR3 | G1: ITSA4 | H1: ITUB3 | I1: LEVE3 | J1: MRVE3 | K1: SAPR4 | L1: SDIL11 | M1: TAEE11 | N1: TRPL4 | O1: TUPY3 | P1: UNIP6 | Q1: VALE3 | R1: VIVT3 | S1: VULC3 | T1: BCFF11 | U1: HGCR11 | V1: MXRF11 | W1: MBRF11 | X1: GGRC11 | Y1: MFII11 | Z1: FLMA11 | AA1: HGLG11 | AB1: LCAM3 | AC1: SQIA3 | AD1: MDIA3 | AE1: KNRI11 | AF1: WEGE3 | AG1: B3SA3 | AH1: PETR4 | AI1: PRIO3 | AJ1: TIET11 | AK1: IBOV | AL1: CESP6 | AN1: Resumo ativos | AO1: ABCB4 | AP1: BBSE3 | AQ1: EGIE3 | AR1: ENAT3 | AS1: ENBR3 | AT1: ITSA4 | AU1: ITUB3 | AV1: LEVE3 | AW1: MRVE3 | AX1: SAPR4 | AY1: SDIL11 | AZ1: TAEE11 | BA1: TRPL4 | BB1: TUPY3 | BC1: UNIP6 | BD1: VALE3 | BE1: VIVT3 | BF1: VULC3 | BG1: BCFF11 | BH1: HGCR11 | BI1: MXRF11 | BJ1: MBRF11 | BK1: GGRC11 | BL1: MFII11 | BM1: FLMA11 | BN1: HGLG11 | BO1: LCAM3 | BP1: SQIA3 | BQ1: MDIA3 | BR1: KNRI11 | BS1: WEGE3 | BT1: B3SA3 | BU1: PETR4 | BV1: PRIO3 | BW1: TIET11 | BX1: IBOV | BY1: CESP6
A2: 1/2/2018 16:56:00 | AN2: Máximo
A3: =Cotacao!C3 -> 6/27/2019 16:56:00 | B3: =IFERROR(LN(Cotacao!D4/Cotacao!D3),B2) -> 0.011512424 | C3: =IFERROR(LN(Cotacao!F4/Cotacao!F3),C2) -> -0.0015429721 | D3: =IFERROR(LN(Cotacao!H4/Cotacao!H3),D2) -> 0.018106344 | E3: =IFERROR(LN(Cotacao!J4/Cotacao!J3),E2) -> -0.03081908 | F3: =IFERROR(LN(Cotacao!L4/Cotacao!L3),F2) -> -0.0084299762 | G3: =IFERROR(LN(Cotacao!N4/Cotacao!N3),G2) -> -0.0038714721 | H3: =IFERROR(LN(Cotacao!P4/Cotacao!P3),H2) -> 0.00418478 | I3: =IFERROR(LN(Cotacao!R4/Cotacao!R3),I2) -> 0.019196015 | J3: =IFERROR(LN(Cotacao!T4/Cotacao!T3),J2) -> 0.017006336 | K3: =IFERROR(LN(Cotacao!V4/Cotacao!V3),K2) -> 0.022704794 | L3: =IFERROR(LN(Cotacao!X4/Cotacao!X3),L2) -> 0.016807118 | M3: =IFERROR(LN(Profit!B3/Profit!B2),M2) -> -0.0055878074 | N3: =IFERROR(LN(Cotacao!AB4/Cotacao!AB3),N2) -> 0.0089322559 | O3: =IFERROR(LN(Cotacao!AD4/Cotacao!AD3),O2) -> 0.027172948 | P3: =IFERROR(LN(Cotacao!AF4/Cotacao!AF3),P2) -> -0.0047572498 | Q3: =IFERROR(LN(Cotacao!AH4/Cotacao!AH3),Q2) -> 0.0023183936 | R3: =IFERROR(LN(Cotacao!AJ4/Cotacao!AJ3),R2) -> -0.017363177 | S3: =IFERROR(LN(Cotacao!AL4/Cotacao!AL3),S2) -> 0.01203022 | T3: =IFERROR(LN(Cotacao!AN4/Cotacao!AN3),T2) -> 0.0091027206 | U3: =IFERROR(LN(Cotacao!AP4/Cotacao!AP3),U2) -> 0.0056107001 | V3: =IFERROR(LN(Cotacao!AR4/Cotacao!AR3),V2) -> 0.0035118561 | W3: =IFERROR(LN(Cotacao!AT4/Cotacao!AT3),W2) -> 0.0095173209 | X3: =IFERROR(LN(Cotacao!AV4/Cotacao!AV3),X2) -> 0.0099926419 | Y3: =IFERROR(LN(Cotacao!AX4/Cotacao!AX3),Y2) -> 0.0059632444 | Z3: =IFERROR(LN(Cotacao!AZ4/Cotacao!AZ3),Z2) -> 0.0055096558 | AA3: =IFERROR(LN(Cotacao!BB4/Cotacao!BB3),AA2) -> 0.0025615113 | AB3: =IFERROR(LN(Cotacao!BD4/Cotacao!BD3),AB2) -> 0.029908771 | AC3: =IFERROR(LN(Cotacao!BF4/Cotacao!BF3),AC2) -> 0.010416761 | AD3: =IFERROR(LN(Cotacao!BH4/Cotacao!BH3),AD2) -> 0.0059209852 | AE3: =IFERROR(LN(Cotacao!BJ4/Cotacao!BJ3),AE2) -> 0.010624876 | AF3: =IFERROR(LN(Cotacao!BL4/Cotacao!BL3),AF2) -> 0 | AG3: =IFERROR(LN(Cotacao!BN4/Cotacao!BN3),AG2) -> -0.0034643606 | AH3: =IFERROR(LN(Cotacao!BP4/Cotacao!BP3),AH2) -> 0.0065886036 | AI3: =IFERROR(LN(Cotacao!BR4/Cotacao!BR3),AI2) -> 0.020500398 | AJ3: =IFERROR(LN(Profit!C3/Profit!C2),AJ2) -> -0.00096946202 | AK3: =IFERROR(LN(Cotacao!BV4/Cotacao!BV3),AK2) -> 0.0024119065 | AL3: =IFERROR(LN(Cotacao!BX4/Cotacao!BX3),AL2) -> 0.028738682 | AN3: Tamanho | AO3: 247 | AP3: 247 | AQ3: 247 | AR3: 247 | AS3: 247 | AT3: 247 | AU3: 247 | AV3: 247 | AW3: 247 | AX3: 247 | AY3: 247 | AZ3: 247 | BA3: 247 | BB3: 247 | BC3: 247 | BD3: 247 | BE3: 247 | BF3: 247 | BG3: 247 | BH3: 247 | BI3: 247 | BJ3: 247 | BK3: 247 | BL3: 247 | BM3: 247 | BN3: 247 | BO3: 247 | BP3: 247 | BQ3: 247 | BR3: 247 | BS3: 247 | BT3: 247 | BU3: 247 | BV3: 247 | BW3: 247 | BX3: 247 | BY3: 247
A4: =Cotacao!C4 -> 6/28/2019 16:56:00 | B4: =IFERROR(LN(Cotacao!D5/Cotacao!D4),B3) -> -0.011512424 | C4: =IFERROR(LN(Cotacao!F5/Cotacao!F4),C3) -> 0.012887567 | D4: =IFERROR(LN(Cotacao!H5/Cotacao!H4),D3) -> 0.00068989309 | E4: =IFERROR(LN(Cotacao!J5/Cotacao!J4),E3) -> 0.013214339 | F4: =IFERROR(LN(Cotacao!L5/Cotacao!L4),F3) -> -0.012779727 | G4: =IFERROR(LN(Cotacao!N5/Cotacao!N4),G3) -> 0.0023246814 | H4: =IFERROR(LN(Cotacao!P5/Cotacao!P4),H3) -> -0.00064267354 | I4: =IFERROR(LN(Cotacao!R5/Cotacao!R4),I3) -> 0.010462872 | J4: =IFERROR(LN(Cotacao!T5/Cotacao!T4),J3) -> -0.023262874 | K4: =IFERROR(LN(Cotacao!V5/Cotacao!V4),K3) -> -0.020619287 | L4: =IFERROR(LN(Cotacao!X5/Cotacao!X4),L3) -> -0.022353246 | M4: =IFERROR(LN(Profit!B4/Profit!B3),M3) -> 0.0034423442 | N4: =IFERROR(LN(Cotacao!AB5/Cotacao!AB4),N3) -> -0.0077095127 | O4: =IFERROR(LN(Cotacao!AD5/Cotacao!AD4),O3) -> 0.0052518622 | P4: =IFERROR(LN(Cotacao!AF5/Cotacao!AF4),P3) -> -0.0044981802 | Q4: =IFERROR(LN(Cotacao!AH5/Cotacao!AH4),Q3) -> 0.034705294 | R4: =IFERROR(LN(Cotacao!AJ5/Cotacao!AJ4),R3) -> -0.015504187 | S4: =IFERROR(LN(Cotacao!AL5/Cotacao!AL4),S3) -> -0.013544225 | T4: =IFERROR(LN(Cotacao!AN5/Cotacao!AN4),T3) -> 0.0023465009 | U4: =IFERROR(LN(Cotacao!AP5/Cotacao!AP4),U3) -> -0.0083857934 | V4: =IFERROR(LN(Cotacao!AR5/Cotacao!AR4),V3) -> -0.012345836 | W4: =IFERROR(LN(Cotacao!AT5/Cotacao!AT4),W3) -> -0.0054443512 | X4: =IFERROR(LN(Cotacao!AV5/Cotacao!AV4),X3) -> 0.0080767374 | Y4: =IFERROR(LN(Cotacao!AX5/Cotacao!AX4),Y3) -> -0.0099585885 | Z4: =IFERROR(LN(Cotacao!AZ5/Cotacao!AZ4),Z3) -> -0.0027510334 | AA4: =IFERROR(LN(Cotacao!BB5/Cotacao!BB4),AA3) -> 0.020655008 | AB4: =IFERROR(LN(Cotacao!BD5/Cotacao!BD4),AB3) -> -0.01546582 | AC4: =IFERROR(LN(Cotacao!BF5/Cotacao!BF4),AC3) -> 0.0092832023 | AD4: =IFERROR(LN(Cotacao!BH5/Cotacao!BH4),AD3) -> -0.0059209852 | AE4: =IFERROR(LN(Cotacao!BJ5/Cotacao!BJ4),AE3) -> 0.0082007369 | AF4: =IFERROR(LN(Cotacao!BL5/Cotacao!BL4),AF3) -> 0.010246946 | AG4: =IFERROR(LN(Cotacao!BN5/Cotacao!BN4),AG3) -> 0.018252061 | AH4: =IFERROR(LN(Cotacao!BP5/Cotacao!BP4),AH3) -> -0.005487484 | AI4: =IFERROR(LN(Cotacao!BR5/Cotacao!BR4),AI3) -> 0.0088384414 | AJ4: =IFERROR(LN(Profit!C4/Profit!C3),AJ3) -> 0.00096946202 | AK4: =IFERROR(LN(Cotacao!BV5/Cotacao!BV4),AK3) -> 0.0036823307 | AL4: =IFERROR(LN(Cotacao!BX5/Cotacao!BX4),AL3) -> 0.010977059 | AN4: Mínimo | AO4: =MIN(B$3:INDIRECT("B"&$AT$17)) -> -0.16213454 | AP4: =MIN(C$3:C$247) -> -0.099905465 | AQ4: =MIN(D$3:D$247) -> -0.10124183 | AR4: =MIN(E$3:E$247) -> -0.30194325 | AS4: =MIN(F$3:F$247) -> -0.13660171 | AT4: =MIN(G$3:G$247) -> -0.11502243 | AU4: =MIN(H$3:H$247) -> -0.10623925 | AV4: =MIN(I$3:I$247) -> -0.12015391 | AW4: =MIN(J$3:J$247) -> -0.2250465 | ... BY4: =MIN(AL$3:AL$247) -> -0.16663675
A5: =Cotacao!C5 -> 7/1/2019 16:56:00 | B5: =IFERROR(LN(Cotacao!D6/Cotacao!D5),B4) -> -0.009518845 | C5: =IFERROR(LN(Cotacao!F6/Cotacao!F5),C4) -> -0.006116227 | D5: =IFERROR(LN(Cotacao!H6/Cotacao!H5),D4) -> 0.0048159708 | E5: =IFERROR(LN(Cotacao!J6/Cotacao!J5),E4) -> -0.0061967665 | F5: =IFERROR(LN(Cotacao!L6/Cotacao!L5),F4) -> 0.010130718 | G5: =IFERROR(LN(Cotacao!N6/Cotacao!N5),G4) -> -0.010895049 | H5: =IFERROR(LN(Cotacao!P6/Cotacao!P5),H4) -> -0.010014621 | I5: =IFERROR(LN(Cotacao!R6/Cotacao!R5),I4) -> 0.0019996007 | J5: =IFERROR(LN(Cotacao!T6/Cotacao!T5),J4) -> 0.014538158 | K5: =IFERROR(LN(Cotacao!V6/Cotacao!V5),K4) -> 0.022658024 | L5: =IFERROR(LN(Cotacao!X6/Cotacao!X5),L4) -> -0.0020652816 | M5: =IFERROR(LN(Profit!B5/Profit!B4),M4) -> 0.021670701 | N5: =IFERROR(LN(Cotacao!AB6/Cotacao!AB5),N4) -> -0.0057189698 | O5: =IFERROR(LN(Cotacao!AD6/Cotacao!AD5),O4) -> 0 | P5: =IFERROR(LN(Cotacao!AF6/Cotacao!AF5),P4) -> -0.011049836 | Q5: =IFERROR(LN(Cotacao!AH6/Cotacao!AH5),Q4) -> -0.043037868 | R5: =IFERROR(LN(Cotacao!AJ6/Cotacao!AJ5),R4) -> 0.026567027 | S5: =IFERROR(LN(Cotacao!AL6/Cotacao!AL5),S4) -> -0.018349139 | T5: =IFERROR(LN(Cotacao!AN6/Cotacao!AN5),T4) -> 0.0014498413 | U5: =IFERROR(LN(Cotacao!AP6/Cotacao!AP5),U4) -> -0.0059121794 | V5: =IFERROR(LN(Cotacao!AR6/Cotacao!AR5),V4) -> 0.0035429621 | W5: =IFERROR(LN(Cotacao!AT6/Cotacao!AT5),W4) -> 0.0030932468 | X5: =IFERROR(LN(Cotacao!AV6/Cotacao!AV5),X4) -> -0.003293049 | Y5: =IFERROR(LN(Cotacao!AX6/Cotacao!AX5),Y4) -> 0.00083368075 | Z5: =IFERROR(LN(Cotacao!AZ6/Cotacao!AZ5),Z4) -> 0 | AA5: =IFERROR(LN(Cotacao!BB6/Cotacao!BB5),AA4) -> 0.0048681104 | AB5: =IFERROR(LN(Cotacao!BD6/Cotacao!BD5),AB4) -> -0.015075662 | AC5: =IFERROR(LN(Cotacao!BF6/Cotacao!BF5),AC4) -> 0.020325903 | AD5: =IFERROR(LN(Cotacao!BH6/Cotacao!BH5),AD4) -> 0.019686178 | AE5: =IFERROR(LN(Cotacao!BJ6/Cotacao!BJ5),AE4) -> -0.0032206147 | AF5: =IFERROR(LN(Cotacao!BL6/Cotacao!BL5),AF4) -> -0.00092721379 | AG5: =IFERROR(LN(Cotacao!BN6/Cotacao!BN5),AG4) -> -0.01585238 | AH5: =IFERROR(LN(Cotacao!BP6/Cotacao!BP5),AH4) -> -0.016272548 | AI5: =IFERROR(LN(Cotacao!BR6/Cotacao!BR5),AI4) -> -0.015199786 | AJ5: =IFERROR(LN(Profit!C5/Profit!C4),AJ4) -> 0.018243425 | AK5: =IFERROR(LN(Cotacao!BV6/Cotacao!BV5),AK4) -> -0.0072743944 | AL5: =IFERROR(LN(Cotacao!BX6/Cotacao!BX5),AL4) -> -0.015401845 | AN5: Máximo | AO5: =MAX(B$3:INDIRECT("B"&$AT$17)) -> 0.15773735 | AP5: =MAX(C$3:C$247) -> 0.10215772 | AQ5: =MAX(D$3:D$247) -> 0.094604888 | AR5: =MAX(E$3:E$247) -> 0.15237448 | AS5: =MAX(F$3:F$247) -> 0.10221906 | AT5: =MAX(G$3:G$247) -> 0.095604341 | AU5: =MAX(H$3:H$247) -> 0.10465697 | AV5: =MAX(I$3:I$247) -> 0.099513861 | AW5: =MAX(J$3:J$247) -> 0.14945129 | ... BY5: =MAX(AL$3:AL$247) -> 0.13836901
A6: =Cotacao!C6 -> 7/2/2019 16:56:00 | B6: =IFERROR(LN(Cotacao!D7/Cotacao!D6),B5) -> -0.0021276604 | C6: =IFERROR(LN(Cotacao!F7/Cotacao!F6),C5) -> 0.0052011743 | D6: =IFERROR(LN(Cotacao!H7/Cotacao!H6),D5) -> 0.0079754325 | E6: =IFERROR(LN(Cotacao!J7/Cotacao!J6),E5) -> -0.0054538507 | F6: =IFERROR(LN(Cotacao!L7/Cotacao!L6),F5) -> 0.023592182 | G6: =IFERROR(LN(Cotacao!N7/Cotacao!N6),G5) -> 0.015528262 | H6: =IFERROR(LN(Cotacao!P7/Cotacao!P6),H5) -> 0.013544225 | I6: =IFERROR(LN(Cotacao!R7/Cotacao!R6),I5) -> -0.0068150194 | J6: =IFERROR(LN(Cotacao!T7/Cotacao!T6),J5) -> -0.015584731 | K6: =IFERROR(LN(Cotacao!V7/Cotacao!V6),K5) -> 0.0081136348 | L6: =IFERROR(LN(Cotacao!X7/Cotacao!X6),L5) -> 0.0067189502 | M6: =IFERROR(LN(Profit!B6/Profit!B5),M5) -> -0.0054794658 | N6: =IFERROR(LN(Cotacao!AB7/Cotacao!AB6),N5) -> -0.013611264 | O6: =IFERROR(LN(Cotacao!AD7/Cotacao!AD6),O5) -> -0.0086083745 | P6: =IFERROR(LN(Cotacao!AF7/Cotacao!AF6),P5) -> -0.0080091961 | Q6: =IFERROR(LN(Cotacao!AH7/Cotacao!AH6),Q5) -> -0.0019477996 | R6: =IFERROR(LN(Cotacao!AJ7/Cotacao!AJ6),R5) -> 0.006532921 | S6: =IFERROR(LN(Cotacao!AL7/Cotacao!AL6),S5) -> 0.013793322 | T6: =IFERROR(LN(Cotacao!AN7/Cotacao!AN6),T5) -> 0.012624752 | U6: =IFERROR(LN(Cotacao!AP7/Cotacao!AP6),U5) -> 0.003804697 | V6: =IFERROR(LN(Cotacao!AR7/Cotacao!AR6),V5) -> 0.0061701386 | W6: =IFERROR(LN(Cotacao!AT7/Cotacao!AT6),W5) -> 0.022648371 | X6: =IFERROR(LN(Cotacao!AV7/Cotacao!AV6),X5) -> 0.028435968 | Y6: =IFERROR(LN(Cotacao!AX7/Cotacao!AX6),Y5) -> 0.0016652793 | Z6: =IFERROR(LN(Cotacao!AZ7/Cotacao!AZ6),Z5) -> 0.0027510334 | AA6: =IFERROR(LN(Cotacao!BB7/Cotacao!BB6),AA5) -> 0.007323166 | AB6: =IFERROR(LN(Cotacao!BD7/Cotacao!BD6),AB5) -> 0.012578782 | AC6: =IFERROR(LN(Cotacao!BF7/Cotacao!BF6),AC5) -> 0.013986242 | AD6: =IFERROR(LN(Cotacao!BH7/Cotacao!BH6),AD5) -> 0.0037902762 | AE6: =IFERROR(LN(Cotacao!BJ7/Cotacao!BJ6),AE5) -> 0.0064308903 | AF6: =IFERROR(LN(Cotacao!BL7/Cotacao!BL6),AF5) -> 0.0064725145 | AG6: =IFERROR(LN(Cotacao!BN7/Cotacao!BN6),AG5) -> 0.022384081 | AH6: =IFERROR(LN(Cotacao!BP7/Cotacao!BP6),AH5) -> 0.011492249 | AI6: =IFERROR(LN(Cotacao!BR7/Cotacao!BR6),AI5) -> 0.026449905 | AJ6: =IFERROR(LN(Profit!C6/Profit!C5),AJ5) -> 0.0047460934 | AK6: =IFERROR(LN(Cotacao!BV7/Cotacao!BV6),AK5) -> 0.014191723 | AL6: =IFERROR(LN(Cotacao!BX7/Cotacao!BX6),AL5) -> 0.016492952 | AN6: Média ( R ) | AO6: =AVERAGE(B$3:INDIRECT("B"&$AT$17)) -> -0.0013916062 | AP6: =AVERAGE(C$3:C$247) -> -0.00020616318 | AQ6: =AVERAGE(D$3:D$247) -> -1.260123e-05 | AR6: =AVERAGE(E$3:E$247) -> -0.0011897662 | AS6: =AVERAGE(F$3:F$247) -> -7.5540187e-05 | AT6: =AVERAGE(G$3:G$247) -> -0.00076154307 | AU6: =AVERAGE(H$3:H$247) -> -0.0002642757 | AV6: =AVERAGE(I$3:I$247) -> -0.0013112389 | AW6: =AVERAGE(J$3:J$247) -> -0.00049288228 | ... BY6: =AVERAGE(AL$3:AL$247) -> 0.00074844944
A7: =Cotacao!C7 -> 7/3/2019 16:56:00 | B7: =IFERROR(LN(Cotacao!D8/Cotacao!D7),B6) -> 0.029899946 | C7: =IFERROR(LN(Cotacao!F8/Cotacao!F7),C6) -> 0.0097176592 | D7: =IFERROR(LN(Cotacao!H8/Cotacao!H7),D6) -> 0.0063348628 | E7: =IFERROR(LN(Cotacao!J8/Cotacao!J7),E6) -> 0.013193827 | F7: =IFERROR(LN(Cotacao!L8/Cotacao!L7),F6) -> 0.016444358 | G7: =IFERROR(LN(Cotacao!N8/Cotacao!N7),G6) -> 0.013012047 | H7: =IFERROR(LN(Cotacao!P8/Cotacao!P7),H6) -> 0.0098805585 | I7: =IFERROR(LN(Cotacao!R8/Cotacao!R7),I6) -> 0.02855071 | J7: =IFERROR(LN(Cotacao!T8/Cotacao!T7),J6) -> 0.003658222 | K7: =IFERROR(LN(Cotacao!V8/Cotacao!V7),K6) -> 0.0060423145 | L7: =IFERROR(LN(Cotacao!X8/Cotacao!X7),L6) -> -0.0092389768 | M7: =IFERROR(LN(Profit!B7/Profit!B6),M6) -> 0.0025327156 | N7: =IFERROR(LN(Cotacao!AB8/Cotacao!AB7),N6) -> -0.00041536865 | O7: =IFERROR(LN(Cotacao!AD8/Cotacao!AD7),O6) -> 0.0033565124 | P7: =IFERROR(LN(Cotacao!AF8/Cotacao!AF7),P6) -> 0.0082940558 | Q7: =IFERROR(LN(Cotacao!AH8/Cotacao!AH7),Q6) -> 0.0073815409 | R7: =IFERROR(LN(Cotacao!AJ8/Cotacao!AJ7),R6) -> 0.023671104 | S7: =IFERROR(LN(Cotacao!AL8/Cotacao!AL7),S6) -> 0.027028672 | T7: =IFERROR(LN(Cotacao!AN8/Cotacao!AN7),T6) -> -0.0046327019 | U7: =IFERROR(LN(Cotacao!AP8/Cotacao!AP7),U6) -> -0.0018582656 | V7: =IFERROR(LN(Cotacao!AR8/Cotacao!AR7),V6) -> 0.0078775024 | W7: =IFERROR(LN(Cotacao!AT8/Cotacao!AT7),W6) -> -0.0046439712 | X7: =IFERROR(LN(Cotacao!AV8/Cotacao!AV7),X6) -> -0.013045156 | Y7: =IFERROR(LN(Cotacao!AX8/Cotacao!AX7),Y6) -> -0.0016652793 | Z7: =IFERROR(LN(Cotacao!AZ8/Cotacao!AZ7),Z6) -> -0.0055096558 | AA7: =IFERROR(LN(Cotacao!BB8/Cotacao!BB7),AA6) -> -0.0026745833 | AB7: =IFERROR(LN(Cotacao!BD8/Cotacao!BD7),AB6) -> 0.0043654575 | AC7: =IFERROR(LN(Cotacao!BF8/Cotacao!BF7),AC6) -> -0.0049726607 | AD7: =IFERROR(LN(Cotacao!BH8/Cotacao!BH7),AD6) -> 0.0040271889 | AE7: =IFERROR(LN(Cotacao!BJ8/Cotacao!BJ7),AE6) -> -0.019418086 | AF7: =IFERROR(LN(Cotacao!BL8/Cotacao!BL7),AF6) -> 0.022780028 | AG7: =IFERROR(LN(Cotacao!BN8/Cotacao!BN7),AG6) -> 0.034300778 | AH7: =IFERROR(LN(Cotacao!BP8/Cotacao!BP7),AH6) -> 0.0095378566 | AI7: =IFERROR(LN(Cotacao!BR8/Cotacao!BR7),AI6) -> -0.0024891114 | AJ7: =IFERROR(LN(Profit!C7/Profit!C6),AJ6) -> 0.0056657375 | AK7: =IFERROR(LN(Cotacao!BV8/Cotacao!BV7),AK6) -> 0.015491029 | AL7: =IFERROR(LN(Cotacao!BX8/Cotacao!BX7),AL6) -> 0.015867625 | AN7: Desvio padrão ( S ) | AO7: =STDEV(B$3:INDIRECT("B"&$AT$17)) -> 0.03088824 | AP7: =STDEV(C$3:C$247) -> 0.025932405 | AQ7: =STDEV(D$3:D$247) -> 0.02180991 | AR7: =STDEV(E$3:E$247) -> 0.045687933 | AS7: =STDEV(F$3:F$247) -> 0.024619211 | AT7: =STDEV(G$3:G$247) -> 0.02640349 | AU7: =STDEV(H$3:H$247) -> 0.025801551 | AV7: =STDEV(I$3:I$247) -> 0.028770724 | AW7: =STDEV(J$3:J$247) -> 0.042944426 | ... BY7: =STDEV(AL$3:AL$247) -> 0.026958567
A8: =Cotacao!C8 -> 7/4/2019 16:56:00 | B8: =IFERROR(LN(Cotacao!D9/Cotacao!D8),B7) -> -0.026179506 | C8: =IFERROR(LN(Cotacao!F9/Cotacao!F8),C7) -> 0.022707877 | D8: =IFERROR(LN(Cotacao!H9/Cotacao!H8),D7) -> 0.0047249497 | E8: =IFERROR(LN(Cotacao!J9/Cotacao!J8),E7) -> 0.0099732319 | F8: =IFERROR(LN(Cotacao!L9/Cotacao!L8),F7) -> -0.0071611559 | G8: =IFERROR(LN(Cotacao!N9/Cotacao!N8),G7) -> 0.0090840897 | H8: =IFERROR(LN(Cotacao!P9/Cotacao!P8),H7) -> 0.0085268162 | I8: =IFERROR(LN(Cotacao!R9/Cotacao!R8),I7) -> 0.00039085402 | J8: =IFERROR(LN(Cotacao!T9/Cotacao!T8),J7) -> 0.0093458624 | K8: =IFERROR(LN(Cotacao!V9/Cotacao!V8),K7) -> -0.018237588 | L8: =IFERROR(LN(Cotacao!X9/Cotacao!X8),L7) -> 0.0002703068 | M8: =IFERROR(LN(Profit!B8/Profit!B7),M7) -> 0.033170537 | N8: =IFERROR(LN(Cotacao!AB9/Cotacao!AB8),N7) -> 0.016890206 | O8: =IFERROR(LN(Cotacao!AD9/Cotacao!AD8),O7) -> -0.00047881255 | P8: =IFERROR(LN(Cotacao!AF9/Cotacao!AF8),P7) -> -0.00028485971 | Q8: =IFERROR(LN(Cotacao!AH9/Cotacao!AH8),Q7) -> -0.025680133 | R8: =IFERROR(LN(Cotacao!AJ9/Cotacao!AJ8),R7) -> -0.0086679375 | S8: =IFERROR(LN(Cotacao!AL9/Cotacao!AL8),S7) -> -0.0089286307 | T8: =IFERROR(LN(Cotacao!AN9/Cotacao!AN8),T7) -> 0.00066313 | U8: =IFERROR(LN(Cotacao!AP9/Cotacao!AP8),U7) -> 0.0027861051 | V8: =IFERROR(LN(Cotacao!AR9/Cotacao!AR8),V7) -> 0.013853035 | W8: =IFERROR(LN(Cotacao!AT9/Cotacao!AT8),W7) -> 0.00069021946 | X8: =IFERROR(LN(Cotacao!AV9/Cotacao!AV8),X7) -> -0.00069132391 | Y8: =IFERROR(LN(Cotacao!AX9/Cotacao!AX8),Y7) -> 0.0024968802 | Z8: =IFERROR(LN(Cotacao!AZ9/Cotacao!AZ8),Z7) -> 0.0027586224 | AA8: =IFERROR(LN(Cotacao!BB9/Cotacao!BB8),AA7) -> 0 | AB8: =IFERROR(LN(Cotacao!BD9/Cotacao!BD8),AB7) -> 0.036656517 | AC8: =IFERROR(LN(Cotacao!BF9/Cotacao!BF8),AC7) -> 0.020721018 | AD8: =IFERROR(LN(Cotacao!BH9/Cotacao!BH8),AD7) -> -0.0095911891 | AE8: =IFERROR(LN(Cotacao!BJ9/Cotacao!BJ8),AE7) -> -6.5361613e-05 | AF8: =IFERROR(LN(Cotacao!BL9/Cotacao!BL8),AF7) -> 0.00896867 | AG8: =IFERROR(LN(Cotacao!BN9/Cotacao!BN8),AG7) -> 0.016471548 | AH8: =IFERROR(LN(Cotacao!BP9/Cotacao!BP8),AH7) -> 0.00036503012 | AI8: =IFERROR(LN(Cotacao!BR9/Cotacao!BR8),AI7) -> 0.021572485 | AJ8: =IFERROR(LN(Profit!C8/Profit!C7),AJ7) -> 0.023267685 | AK8: =IFERROR(LN(Cotacao!BV9/Cotacao!BV8),AK7) -> 0.0043644176 | AL8: =IFERROR(LN(Cotacao!BX9/Cotacao!BX8),AL7) -> 0.018433702 | AN8: Variância ( S2 ) | AO8: =VAR(B$3:INDIRECT("B"&$AT$17)) -> 0.00095408338 | AP8: =VAR(C$3:C$247) -> 0.00067248965 | AQ8: =VAR(D$3:D$247) -> 0.00047567219 | AR8: =VAR(E$3:E$247) -> 0.0020873872 | AS8: =VAR(F$3:F$247) -> 0.00060610555 | AT8: =VAR(G$3:G$247) -> 0.00069714426 | AU8: =VAR(H$3:H$247) -> 0.00066572002 | AV8: =VAR(I$3:I$247) -> 0.00082775457 | AW8: =VAR(J$3:J$247) -> 0.0018442237 | ... BY8: =VAR(AL$3:AL$247) -> 0.00072676433
A9: =Cotacao!C9 -> 7/5/2019 16:56:00 | B9: =IFERROR(LN(Cotacao!D10/Cotacao!D9),B8) -> 0 | C9: =IFERROR(LN(Cotacao!F10/Cotacao!F9),C8) -> -0.010095098 | D9: =IFERROR(LN(Cotacao!H10/Cotacao!H9),D8) -> 0.013820996 | E9: =IFERROR(LN(Cotacao!J10/Cotacao!J9),E8) -> 0.066445099 | F9: =IFERROR(LN(Cotacao!L10/Cotacao!L9),F8) -> 0.0086890401 | G9: =IFERROR(LN(Cotacao!N10/Cotacao!N9),G8) -> 0.0007532957 | H9: =IFERROR(LN(Cotacao!P10/Cotacao!P9),H8) -> 0.0018850147 | I9: =IFERROR(LN(Cotacao!R10/Cotacao!R9),I8) -> -0.0027391917 | J9: =IFERROR(LN(Cotacao!T10/Cotacao!T9),J8) -> 0.014366589 | K9: =IFERROR(LN(Cotacao!V10/Cotacao!V9),K8) -> 0.051804411 | L9: =IFERROR(LN(Cotacao!X10/Cotacao!X9),L8) -> 0 | M9: =IFERROR(LN(Profit!B9/Profit!B8),M8) -> -0.0032679768 | N9: =IFERROR(LN(Cotacao!AB10/Cotacao!AB9),N8) -> 0.025807884 | O9: =IFERROR(LN(Cotacao!AD10/Cotacao!AD9),O8) -> -0.019831363 | P9: =IFERROR(LN(Cotacao!AF10/Cotacao!AF9),P8) -> 0.025317808 | Q9: =IFERROR(LN(Cotacao!AH10/Cotacao!AH9),Q8) -> 0.01164755 | R9: =IFERROR(LN(Cotacao!AJ10/Cotacao!AJ9),R8) -> 0.015458366 | S9: =IFERROR(LN(Cotacao!AL10/Cotacao!AL9),S8) -> 0.095446059 | T9: =IFERROR(LN(Cotacao!AN10/Cotacao!AN9),T8) -> -0.0058729184 | U9: =IFERROR(LN(Cotacao!AP10/Cotacao!AP9),U8) -> 0.0024420037 | V9: =IFERROR(LN(Cotacao!AR10/Cotacao!AR9),V8) -> -0.0017211708 | W9: =IFERROR(LN(Cotacao!AT10/Cotacao!AT9),W8) -> 0.0026324158 | X9: =IFERROR(LN(Cotacao!AV10/Cotacao!AV9),X8) -> -0.011896206 | Y9: =IFERROR(LN(Cotacao!AX10/Cotacao!AX9),Y8) -> 0 | Z9: =IFERROR(LN(Cotacao!AZ10/Cotacao!AZ9),Z8) -> 0.0027510334 | AA9: =IFERROR(LN(Cotacao!BB10/Cotacao!BB9),AA8) -> -0.0064877845 | AB9: =IFERROR(LN(Cotacao!BD10/Cotacao!BD9),AB8) -> 0.035360195 | AC9: =IFERROR(LN(Cotacao!BF10/Cotacao!BF9),AC8) -> 0.032663807 | AD9: =IFERROR(LN(Cotacao!BH10/Cotacao!BH9),AD8) -> -0.018428983 | AE9: =IFERROR(LN(Cotacao!BJ10/Cotacao!BJ9),AE8) -> -0.0018973476 | AF9: =IFERROR(LN(Cotacao!BL10/Cotacao!BL9),AF8) -> 0.0057867956 | AG9: =IFERROR(LN(Cotacao!BN10/Cotacao!BN9),AG8) -> -0.002478316 | AH9: =IFERROR(LN(Cotacao!BP10/Cotacao!BP9),AH8) -> 0.0090827146 | AI9: =IFERROR(LN(Cotacao!BR10/Cotacao!BR9),AI8) -> 0.093090423 | AJ9: =IFERROR(LN(Profit!C9/Profit!C8),AJ8) -> -0.012031612 | AK9: =IFERROR(LN(Cotacao!BV10/Cotacao!BV9),AK8) -> 0.0042253984 | AL9: =IFERROR(LN(Cotacao!BX10/Cotacao!BX9),AL8) -> 0.001053186 | AN9: Variância ( IBOV) | AO9: =VAR(AK$3:INDIRECT("AK"&AT17)) -> 0.00078832192
A10: =Cotacao!C10 -> 7/8/2019 16:56:00 | B10: =IFERROR(LN(Cotacao!D11/Cotacao!D10),B9) -> 0.018397365 | C10: =IFERROR(LN(Cotacao!F11/Cotacao!F10),C9) -> 0.0068401754 | D10: =IFERROR(LN(Cotacao!H11/Cotacao!H10),D9) -> 0.021680473 | E10: =IFERROR(LN(Cotacao!J11/Cotacao!J10),E9) -> -0.0071684895 | F10: =IFERROR(LN(Cotacao!L11/Cotacao!L10),F9) -> 0.015652933 | G10: =IFERROR(LN(Cotacao!N11/Cotacao!N10),G9) -> 0.0045078964 | H10: =IFERROR(LN(Cotacao!P11/Cotacao!P10),H9) -> -0.0091440019 | I10: =IFERROR(LN(Cotacao!R11/Cotacao!R10),I9) -> -0.0070782836 | J10: =IFERROR(LN(Cotacao!T11/Cotacao!T10),J9) -> 0.023163171 | K10: =IFERROR(LN(Cotacao!V11/Cotacao!V10),K9) -> 0.0038759738 | L10: =IFERROR(LN(Cotacao!X11/Cotacao!X10),L9) -> -0.0022547924 | M10: =IFERROR(LN(Profit!B10/Profit!B9),M9) -> 0.004083305 | N10: =IFERROR(LN(Cotacao!AB11/Cotacao!AB10),N9) -> 0.017364288 | O10: =IFERROR(LN(Cotacao!AD11/Cotacao!AD10),O9) -> 0.0043870409 | P10: =IFERROR(LN(Cotacao!AF11/Cotacao!AF10),P9) -> -0.0083682497 | Q10: =IFERROR(LN(Cotacao!AH11/Cotacao!AH10),Q9) -> 0.022895839 | R10: =IFERROR(LN(Cotacao!AJ11/Cotacao!AJ10),R9) -> 0.034803468 | S10: =IFERROR(LN(Cotacao!AL11/Cotacao!AL10),S9) -> -0.0054496048 | T10: =IFERROR(LN(Cotacao!AN11/Cotacao!AN10),T9) -> -0.00033346302 | U10: =IFERROR(LN(Cotacao!AP11/Cotacao!AP10),U9) -> -0.0032854585 | V10: =IFERROR(LN(Cotacao!AR11/Cotacao!AR10),V9) -> -0.0008616976 | W10: =IFERROR(LN(Cotacao!AT11/Cotacao!AT10),W9) -> -0.01581304 | X10: =IFERROR(LN(Cotacao!AV11/Cotacao!AV10),X9) -> -0.0025225996 | Y10: =IFERROR(LN(Cotacao!AX11/Cotacao!AX10),Y9) -> -0.0028302691 | Z10: =IFERROR(LN(Cotacao!AZ11/Cotacao!AZ10),Z9) -> 0 | AA10: =IFERROR(LN(Cotacao!BB11/Cotacao!BB10),AA9) -> -0.0058024691 | AB10: =IFERROR(LN(Cotacao!BD11/Cotacao!BD10),AB9) -> -0.0040615083 | AC10: =IFERROR(LN(Cotacao!BF11/Cotacao!BF10),AC9) -> 0.060513418 | AD10: =IFERROR(LN(Cotacao!BH11/Cotacao!BH10),AD9) -> 0.02927535 | AE10: =IFERROR(LN(Cotacao!BJ11/Cotacao!BJ10),AE9) -> -0.0015073568 | AF10: =IFERROR(LN(Cotacao!BL11/Cotacao!BL10),AF9) -> 0.050205264 | AG10: =IFERROR(LN(Cotacao!BN11/Cotacao!BN10),AG9) -> 0.043696272 | AH10: =IFERROR(LN(Cotacao!BP11/Cotacao!BP10),AH9) -> 0.015075662 | AI10: =IFERROR(LN(Cotacao!BR11/Cotacao!BR10),AI9) -> 0.0094001245 | AJ10: =IFERROR(LN(Profit!C10/Profit!C9),AJ9) -> 0.010189991 | AK10: =IFERROR(LN(Cotacao!BV11/Cotacao!BV10),AK9) -> 0.012235538 | AL10: =IFERROR(LN(Cotacao!BX11/Cotacao!BX10),AL9) -> 0.00035081565 | AN10: Covariância ( Ação x IBOV ) | AO10: =COVAR(B$3:INDIRECT("B"&$AT$17),AK$3:INDIRECT("AK"&AT17)) -> 0.00068887473 | AP10: =COVAR(C$3:C$247,$AK$3:$AK$247) -> 0.00047732871 | AQ10: =COVAR(D$3:D$247,$AK$3:$AK$247) -> 0.00044125632 | AR10: =COVAR(E$3:E$247,$AK$3:$AK$247) -> 0.00075214718 | AS10: =COVAR(F$3:F$247,$AK$3:$AK$247) -> 0.00053369798 | AT10: =COVAR(G$3:G$247,$AK$3:$AK$247) -> 0.000626203 | AU10: =COVAR(H$3:H$247,$AK$3:$AK$247) -> 0.00059124674 | AV10: =COVAR(I$3:I$247,$AK$3:$AK$247) -> 0.00057479429 | AW10: =COVAR(J$3:J$247,$AK$3:$AK$247) -> 0.00089561599 | ... BY10: =COVAR(AL$3:AL$247,$AK$3:$AK$247) -> 0.00058807906
A11: =Cotacao!C11 -> 7/10/2019 16:56:00 | B11: =IFERROR(LN(Cotacao!D12/Cotacao!D11),B10) -> -0.027992321 | C11: =IFERROR(LN(Cotacao!F12/Cotacao!F11),C10) -> -0.017038224 | D11: =IFERROR(LN(Cotacao!H12/Cotacao!H11),D10) -> -0.0028202644 | E11: =IFERROR(LN(Cotacao!J12/Cotacao!J11),E10) -> -0.010850016 | F11: =IFERROR(LN(Cotacao!L12/Cotacao!L11),F10) -> -0.0030105392 | G11: =IFERROR(LN(Cotacao!N12/Cotacao!N11),G10) -> -0.010550211 | H11: =IFERROR(LN(Cotacao!P12/Cotacao!P11),H10) -> -0.00063371358 | I11: =IFERROR(LN(Cotacao!R12/Cotacao!R11),I10) -> 0.0047244182 | J11: =IFERROR(LN(Cotacao!T12/Cotacao!T11),J10) -> -0.0054904056 | K11: =IFERROR(LN(Cotacao!V12/Cotacao!V11),K10) -> 0.0096247134 | L11: =IFERROR(LN(Cotacao!X12/Cotacao!X11),L10) -> -0.0088881412 | M11: =IFERROR(LN(Profit!B11/Profit!B10),M10) -> 0.0040666994 | N11: =IFERROR(LN(Cotacao!AB12/Cotacao!AB11),N10) -> 0.0027349109 | O11: =IFERROR(LN(Cotacao!AD12/Cotacao!AD11),O10) -> -0.0058536753 | P11: =IFERROR(LN(Cotacao!AF12/Cotacao!AF11),P10) -> -0.0016820862 | Q11: =IFERROR(LN(Cotacao!AH12/Cotacao!AH11),Q10) -> -0.0015358037 | R11: =IFERROR(LN(Cotacao!AJ12/Cotacao!AJ11),R10) -> -0.018470182 | S11: =IFERROR(LN(Cotacao!AL12/Cotacao!AL11),S10) -> -0.0027359798 | T11: =IFERROR(LN(Cotacao!AN12/Cotacao!AN11),T10) -> 0.004990307 | U11: =IFERROR(LN(Cotacao!AP12/Cotacao!AP11),U10) -> 0.0041261479 | V11: =IFERROR(LN(Cotacao!AR12/Cotacao!AR11),V10) -> -0.0077888754 | W11: =IFERROR(LN(Cotacao!AT12/Cotacao!AT11),W10) -> 0.001569859 | X11: =IFERROR(LN(Cotacao!AV12/Cotacao!AV11),X10) -> 0.0067128425 | Y11: =IFERROR(LN(Cotacao!AX12/Cotacao!AX11),Y10) -> -0.01047481 | Z11: =IFERROR(LN(Cotacao!AZ12/Cotacao!AZ11),Z10) -> 0.0027434859 | AA11: =IFERROR(LN(Cotacao!BB12/Cotacao!BB11),AA10) -> 0.0010575018 | AB11: =IFERROR(LN(Cotacao!BD12/Cotacao!BD11),AB10) -> 0.0046403796 | AC11: =IFERROR(LN(Cotacao!BF12/Cotacao!BF11),AC10) -> -0.0017809444 | AD11: =IFERROR(LN(Cotacao!BH12/Cotacao!BH11),AD10) -> 0.032822194 | AE11: =IFERROR(LN(Cotacao!BJ12/Cotacao!BJ11),AE10) -> -0.0070425144 | AF11: =IFERROR(LN(Cotacao!BL12/Cotacao!BL11),AF10) -> -0.0038063061 | AG11: =IFERROR(LN(Cotacao!BN12/Cotacao!BN11),AG10) -> -0.02258083 | AH11: =IFERROR(LN(Cotacao!BP12/Cotacao!BP11),AH10) -> 0.011687755 | AI11: =IFERROR(LN(Cotacao!BR12/Cotacao!BR11),AI10) -> 0.0060356836 | AJ11: =IFERROR(LN(Profit!C11/Profit!C10),AJ10) -> -0.001845019 | AK11: =IFERROR(LN(Cotacao!BV12/Cotacao!BV11),AK10) -> -0.0063577089 | AL11: =IFERROR(LN(Cotacao!BX12/Cotacao!BX11),AL10) -> 0.0094257985 | AN11: Beta (Variação em relação IBOV) | AO11: =AO10/$AO$9 -> 0.87384952 | AP11: =AP10/$AO$9 -> 0.60549973 | AQ11: =AQ10/$AO$9 -> 0.55974128 | AR11: =AR10/$AO$9 -> 0.95411172 | AS11: =AS10/$AO$9 -> 0.67700513 | AT11: =AT10/$AO$9 -> 0.79434935 | AU11: =AU10/$AO$9 -> 0.75000673 | AV11: =AV10/$AO$9 -> 0.72913651 | ... BY11: =BY10/$AO$9 -> 0.74598846
A12: =Cotacao!C12 -> 7/11/2019 16:56:00 | B12: =IFERROR(LN(Cotacao!D13/Cotacao!D12),B11) -> -0.0032188869 | C12: =IFERROR(LN(Cotacao!F13/Cotacao!F12),C11) -> 0.0075086702 | D12: =IFERROR(LN(Cotacao!H13/Cotacao!H12),D11) -> 0.010158955 | E12: =IFERROR(LN(Cotacao!J13/Cotacao!J12),E11) -> 0.019446057 | F12: =IFERROR(LN(Cotacao!L13/Cotacao!L12),F11) -> -0.013151429 | G12: =IFERROR(LN(Cotacao!N13/Cotacao!N12),G11) -> -0.015267472 | H12: =IFERROR(LN(Cotacao!P13/Cotacao!P12),H11) -> -0.0054028417 | I12: =IFERROR(LN(Cotacao!R13/Cotacao!R12),I11) -> -0.0094712626 | J12: =IFERROR(LN(Cotacao!T13/Cotacao!T12),J11) -> -0.02791351 | K12: =IFERROR(LN(Cotacao!V13/Cotacao!V12),K11) -> -0.021297998 | L12: =IFERROR(LN(Cotacao!X13/Cotacao!X12),L11) -> 0.010692382 | M12: =IFERROR(LN(Profit!B12/Profit!B11),M11) -> 0.020486758 | N12: =IFERROR(LN(Cotacao!AB13/Cotacao!AB12),N11) -> -0.00078064016 | O12: =IFERROR(LN(Cotacao!AD13/Cotacao!AD12),O11) -> -0.0014687885 | P12: =IFERROR(LN(Cotacao!AF13/Cotacao!AF12),P11) -> -0.0098689649 | Q12: =IFERROR(LN(Cotacao!AH13/Cotacao!AH12),Q11) -> -0.0046216142 | R12: =IFERROR(LN(Cotacao!AJ13/Cotacao!AJ12),R11) -> -0.0051173768 | S12: =IFERROR(LN(Cotacao!AL13/Cotacao!AL12),S11) -> -0.027779564 | T12: =IFERROR(LN(Cotacao!AN13/Cotacao!AN12),T11) -> 0.0032028301 | U12: =IFERROR(LN(Cotacao!AP13/Cotacao!AP12),U11) -> 0 | V12: =IFERROR(LN(Cotacao!AR13/Cotacao!AR12),V11) -> 0.0051993185 | W12: =IFERROR(LN(Cotacao!AT13/Cotacao!AT12),W11) -> 0.0028508345 | X12: =IFERROR(LN(Cotacao!AV13/Cotacao!AV12),X11) -> -0.011142762 | Y12: =IFERROR(LN(Cotacao!AX13/Cotacao!AX12),Y11) -> 0.0031959657 | Z12: =IFERROR(LN(Cotacao!AZ13/Cotacao!AZ12),Z11) -> 0.0054644945 | AA12: =IFERROR(LN(Cotacao!BB13/Cotacao!BB12),AA11) -> 0.004087289 | AB12: =IFERROR(LN(Cotacao!BD13/Cotacao!BD12),AB11) -> -0.0040591532 | AC12: =IFERROR(LN(Cotacao!BF13/Cotacao!BF12),AC11) -> 0.0017809444 | AD12: =IFERROR(LN(Cotacao!BH13/Cotacao!BH12),AD11) -> -0.029316054 | AE12: =IFERROR(LN(Cotacao!BJ13/Cotacao!BJ12),AE11) -> 0.0059269189 | AF12: =IFERROR(LN(Cotacao!BL13/Cotacao!BL12),AF11) -> -0.021847089 | AG12: =IFERROR(LN(Cotacao!BN13/Cotacao!BN12),AG11) -> -0.036115723 | AH12: =IFERROR(LN(Cotacao!BP13/Cotacao!BP12),AH11) -> 0.0045670201 | AI12: =IFERROR(LN(Cotacao!BR13/Cotacao!BR12),AI11) -> 0.026452285 | AJ12: =IFERROR(LN(Profit!C12/Profit!C11),AJ11) -> 0.012844213 | AK12: =IFERROR(LN(Cotacao!BV13/Cotacao!BV12),AK11) -> -0.011867497 | AL12: =IFERROR(LN(Cotacao!BX13/Cotacao!BX12),AL11) -> 0.012774211 | AN12: Beta < 1 = Risco menor que mercado
A13: =Cotacao!C13 -> 7/12/2019 16:56:00 | B13: =IFERROR(LN(Cotacao!D14/Cotacao!D13),B12) -> -0.025579626 | C13: =IFERROR(LN(Cotacao!F14/Cotacao!F13),C12) -> -0.0014972304 | D13: =IFERROR(LN(Cotacao!H14/Cotacao!H13),D12) -> -0.011028331 | E13: =IFERROR(LN(Cotacao!J14/Cotacao!J13),E12) -> -0.012199649 | F13: =IFERROR(LN(Cotacao!L14/Cotacao!L13),F12) -> -0.012295237 | G13: =IFERROR(LN(Cotacao!N14/Cotacao!N13),G12) -> -0.0038535693 | H13: =IFERROR(LN(Cotacao!P14/Cotacao!P13),H12) -> -0.010571939 | I13: =IFERROR(LN(Cotacao!R14/Cotacao!R13),I12) -> -0.0087615057 | J13: =IFERROR(LN(Cotacao!T14/Cotacao!T13),J12) -> -0.008268781 | K13: =IFERROR(LN(Cotacao!V14/Cotacao!V13),K12) -> 0.003906255 | L13: =IFERROR(LN(Cotacao!X14/Cotacao!X13),L12) -> -0.0059663891 | M13: =IFERROR(LN(Profit!B13/Profit!B12),M12) -> 0.0087094771 | N13: =IFERROR(LN(Cotacao!AB14/Cotacao!AB13),N12) -> -0.016138906 | O13: =IFERROR(LN(Cotacao!AD14/Cotacao!AD13),O12) -> 0.0068359641 | P13: =IFERROR(LN(Cotacao!AF14/Cotacao!AF13),P12) -> -0.0053985072 | Q13: =IFERROR(LN(Cotacao!AH14/Cotacao!AH13),Q12) -> 0.016842503 | R13: =IFERROR(LN(Cotacao!AJ14/Cotacao!AJ13),R12) -> 0.02009563 | S13: =IFERROR(LN(Cotacao!AL14/Cotacao!AL13),S12) -> -0.01991531 | T13: =IFERROR(LN(Cotacao!AN14/Cotacao!AN13),T12) -> 0.0012121881 | U13: =IFERROR(LN(Cotacao!AP14/Cotacao!AP13),U12) -> -0.0022714854 | V13: =IFERROR(LN(Cotacao!AR14/Cotacao!AR13),V12) -> 0.0051724253 | W13: =IFERROR(LN(Cotacao!AT14/Cotacao!AT13),W12) -> -0.01866144 | X13: =IFERROR(LN(Cotacao!AV14/Cotacao!AV13),X12) -> -0.0050869122 | Y13: =IFERROR(LN(Cotacao!AX14/Cotacao!AX13),Y12) -> -0.00075601667 | Z13: =IFERROR(LN(Cotacao!AZ14/Cotacao!AZ13),Z12) -> 0.0081411576 | AA13: =IFERROR(LN(Cotacao!BB14/Cotacao!BB13),AA12) -> 0.006426673 | AB13: =IFERROR(LN(Cotacao!BD14/Cotacao!BD13),AB12) -> -0.016994256 | AC13: =IFERROR(LN(Cotacao!BF14/Cotacao!BF13),AC12) -> 0.040109997 | AD13: =IFERROR(LN(Cotacao!BH14/Cotacao!BH13),AD12) -> -0.030459207 | AE13: =IFERROR(LN(Cotacao!BJ14/Cotacao!BJ13),AE12) -> 0.0013123361 | AF13: =IFERROR(LN(Cotacao!BL14/Cotacao!BL13),AF12) -> -0.030338665 | AG13: =IFERROR(LN(Cotacao!BN14/Cotacao!BN13),AG12) -> 0.0010070494 | AH13: =IFERROR(LN(Cotacao!BP14/Cotacao!BP13),AH12) -> -0.012343659 | AI13: =IFERROR(LN(Cotacao!BR14/Cotacao!BR13),AI12) -> 0.025770556 | AJ13: =IFERROR(LN(Profit!C13/Profit!C12),AJ12) -> 0.0045475294 | AK13: =IFERROR(LN(Cotacao!BV14/Cotacao!BV13),AK12) -> -0.00099466241 | AL13: =IFERROR(LN(Cotacao!BX14/Cotacao!BX13),AL12) -> 0.0051326032 | AN13: Beta > 1 = Risco maior que mercado
A14: =Cotacao!C14 -> 7/15/2019 16:56:00 | B14: =IFERROR(LN(Cotacao!D15/Cotacao!D14),B13) -> 0.0022026441 | C14: =IFERROR(LN(Cotacao!F15/Cotacao!F14),C13) -> 0.00059916119 | D14: =IFERROR(LN(Cotacao!H15/Cotacao!H14),D13) -> 0.0088754777 | E14: =IFERROR(LN(Cotacao!J15/Cotacao!J14),E13) -> -0.0072464085 | F14: =IFERROR(LN(Cotacao!L15/Cotacao!L14),F13) -> -0.01297035 | G14: =IFERROR(LN(Cotacao!N15/Cotacao!N14),G13) -> -0.0046439712 | H14: =IFERROR(LN(Cotacao!P15/Cotacao!P14),H13) -> 0.0035364126 | I14: =IFERROR(LN(Cotacao!R15/Cotacao!R14),I13) -> -0.0020020027 | J14: =IFERROR(LN(Cotacao!T15/Cotacao!T14),J13) -> 0.014425804 | K14: =IFERROR(LN(Cotacao!V15/Cotacao!V14),K13) -> 0 | L14: =IFERROR(LN(Cotacao!X15/Cotacao!X14),L13) -> 0.00099687352 | M14: =IFERROR(LN(Profit!B14/Profit!B13),M13) -> -0.0019727763 | N14: =IFERROR(LN(Cotacao!AB15/Cotacao!AB14),N13) -> 0.0059347355 | O14: =IFERROR(LN(Cotacao!AD15/Cotacao!AD14),O13) -> -0.024631787 | P14: =IFERROR(LN(Cotacao!AF15/Cotacao!AF14),P13) -> -0.017531704 | Q14: =IFERROR(LN(Cotacao!AH15/Cotacao!AH14),Q13) -> 0.0068091808 | R14: =IFERROR(LN(Cotacao!AJ15/Cotacao!AJ14),R13) -> 0.0093570479 | S14: =IFERROR(LN(Cotacao!AL15/Cotacao!AL14),S13) -> 0.0028694424 | T14: =IFERROR(LN(Cotacao!AN15/Cotacao!AN14),T13) -> 0.0022002209 | U14: =IFERROR(LN(Cotacao!AP15/Cotacao!AP14),U13) -> -0.0032056717 | V14: =IFERROR(LN(Cotacao!AR15/Cotacao!AR14),V13) -> 0.0042900109 | W14: =IFERROR(LN(Cotacao!AT15/Cotacao!AT14),W13) -> 0.0095084361 | X14: =IFERROR(LN(Cotacao!AV15/Cotacao!AV14),X13) -> 0.0045229759 | Y14: =IFERROR(LN(Cotacao!AX15/Cotacao!AX14),Y13) -> 0.0041928783 | Z14: =IFERROR(LN(Cotacao!AZ15/Cotacao!AZ14),Z13) -> 0.002699057 | AA14: =IFERROR(LN(Cotacao!BB15/Cotacao!BB14),AA13) -> 0.021981749 | AB14: =IFERROR(LN(Cotacao!BD15/Cotacao!BD14),AB13) -> 0.022210147 | AC14: =IFERROR(LN(Cotacao!BF15/Cotacao!BF14),AC13) -> 0.019467394 | AD14: =IFERROR(LN(Cotacao!BH15/Cotacao!BH14),AD13) -> -0.019782009 | AE14: =IFERROR(LN(Cotacao!BJ15/Cotacao!BJ14),AE13) -> 0 | AF14: =IFERROR(LN(Cotacao!BL15/Cotacao!BL14),AF13) -> 0.0048986961 | AG14: =IFERROR(LN(Cotacao!BN15/Cotacao!BN14),AG13) -> 0.03121383 | AH14: =IFERROR(LN(Cotacao!BP15/Cotacao!BP14),AH13) -> -0.012497931 | AI14: =IFERROR(LN(Cotacao!BR15/Cotacao!BR14),AI13) -> -0.051129347 | AJ14: =IFERROR(LN(Profit!C14/Profit!C13),AJ13) -> -0.00090785299 | AK14: =IFERROR(LN(Cotacao!BV15/Cotacao!BV14),AK13) -> -0.00026284083 | AL14: =IFERROR(LN(Cotacao!BX15/Cotacao!BX14),AL13) -> -0.0020498811 | AN14: ke BR = Retorno esperado de uma carteira ou ação | AO14: =$AP$19+AO11*$AP$20 -> 0.092407962 | AP14: =$AP$19+AP11*$AP$20 -> 0.070939978 | AQ14: =$AP$19+AQ11*$AP$20 -> 0.067279302 | AR14: =$AP$19+AR11*$AP$20 -> 0.098828937 | AS14: =$AP$19+AS11*$AP$20 -> 0.07666041 | AT14: =$AP$19+AT11*$AP$20 -> 0.086047948 | AU14: =$AP$19+AU11*$AP$20 -> 0.082500538 | AV14: =$AP$19+AV11*$AP$20 -> 0.080830921 | ... BY14: =$AP$19+BY11*$AP$20 -> 0.082179077
A15: =Cotacao!C15 -> 7/16/2019 16:56:00 | B15: =IFERROR(LN(Cotacao!D16/Cotacao!D15),B14) -> -0.0011007156 | C15: =IFERROR(LN(Cotacao!F16/Cotacao!F15),C14) -> 0.012500163 | D15: =IFERROR(LN(Cotacao!H16/Cotacao!H15),D14) -> 0.0064447054 | E15: =IFERROR(LN(Cotacao!J16/Cotacao!J15),E14) -> -0.018349139 | F15: =IFERROR(LN(Cotacao!L16/Cotacao!L15),F14) -> 0.0052083451 | G15: =IFERROR(LN(Cotacao!N16/Cotacao!N15),G14) -> 0.0030983758 | H15: =IFERROR(LN(Cotacao!P16/Cotacao!P15),H14) -> -0.0051480165 | I15: =IFERROR(LN(Cotacao!R16/Cotacao!R15),I14) -> 0.015904908 | J15: =IFERROR(LN(Cotacao!T16/Cotacao!T15),J14) -> -0.011834458 | K15: =IFERROR(LN(Cotacao!V16/Cotacao!V15),K14) -> 0.0038910555 | L15: =IFERROR(LN(Cotacao!X16/Cotacao!X15),L14) -> 0.008927423 | M15: =IFERROR(LN(Profit!B15/Profit!B14),M14) -> -0.011120051 | N15: =IFERROR(LN(Cotacao!AB16/Cotacao!AB15),N14) -> 0.001970444 | O15: =IFERROR(LN(Cotacao!AD16/Cotacao!AD15),O14) -> -0.012547216 | P15: =IFERROR(LN(Cotacao!AF16/Cotacao!AF15),P14) -> -0.0011604295 | Q15: =IFERROR(LN(Cotacao!AH16/Cotacao!AH15),Q14) -> -0.0068091808 | R15: =IFERROR(LN(Cotacao!AJ16/Cotacao!AJ15),R14) -> 0.010342691 | S15: =IFERROR(LN(Cotacao!AL16/Cotacao!AL15),S14) -> 0.025461064 | T15: =IFERROR(LN(Cotacao!AN16/Cotacao!AN15),T14) -> 0.010929071 | U15: =IFERROR(LN(Cotacao!AP16/Cotacao!AP15),U14) -> -0.0029617115 | V15: =IFERROR(LN(Cotacao!AR16/Cotacao!AR15),V14) -> 0.005123837 | W15: =IFERROR(LN(Cotacao!AT16/Cotacao!AT15),W14) -> -0.013500457 | X15: =IFERROR(LN(Cotacao!AV16/Cotacao!AV15),X14) -> 0.0082859824 | Y15: =IFERROR(LN(Cotacao!AX16/Cotacao!AX15),Y14) -> -0.0026814161 | Z15: =IFERROR(LN(Cotacao!AZ16/Cotacao!AZ15),Z14) -> 0.049944677 | AA15: =IFERROR(LN(Cotacao!BB16/Cotacao!BB15),AA14) -> -0.0030741666 | AB15: =IFERROR(LN(Cotacao!BD16/Cotacao!BD15),AB14) -> -0.0017356093 | AC15: =IFERROR(LN(Cotacao!BF16/Cotacao!BF15),AC14) -> 0.028915687 | AD15: =IFERROR(LN(Cotacao!BH16/Cotacao!BH15),AD14) -> -0.0050072578 | AE15: =IFERROR(LN(Cotacao!BJ16/Cotacao!BJ15),AE14) -> -0.00032792261 | AF15: =IFERROR(LN(Cotacao!BL16/Cotacao!BL15),AF14) -> 0.00088809953 | AG15: =IFERROR(LN(Cotacao!BN16/Cotacao!BN15),AG14) -> 0.0070482732 | AH15: =IFERROR(LN(Cotacao!BP16/Cotacao!BP15),AH14) -> -0.0054044448 | AI15: =IFERROR(LN(Cotacao!BR16/Cotacao!BR15),AI14) -> -0.0038324712 | AJ15: =IFERROR(LN(Profit!C15/Profit!C14),AJ14) -> -0.0036396764 | AK15: =IFERROR(LN(Cotacao!BV16/Cotacao!BV15),AK14) -> 0.000771754 | AL15: =IFERROR(LN(Cotacao!BX16/Cotacao!BX15),AL14) -> -0.01169604 | AN15: ke EUA = Retorno esperado de uma carteira ou ação | AO15: =(1+$AQ$19+AO11*$AQ$20+$AQ$21)*(1+$AQ$22)/(1+$AQ$23)-1 -> 0.12603702 | AP15: =(1+$AQ$19+AP11*$AQ$20+$AQ$21)*(1+$AQ$22)/(1+$AQ$23)-1 -> 0.10774092 | AQ15: =(1+$AQ$19+AQ11*$AQ$20+$AQ$21)*(1+$AQ$22)/(1+$AQ$23)-1 -> 0.10462111 | AR15: =(1+$AQ$19+AR11*$AQ$20+$AQ$21)*(1+$AQ$22)/(1+$AQ$23)-1 -> 0.1315093 | AS15: =(1+$AQ$19+AS11*$AQ$20+$AQ$21)*(1+$AQ$22)/(1+$AQ$23)-1 -> 0.11261616 | AT15: =(1+$AQ$19+AT11*$AQ$20+$AQ$21)*(1+$AQ$22)/(1+$AQ$23)-1 -> 0.1206167 | AU15: =(1+$AQ$19+AU11*$AQ$20+$AQ$21)*(1+$AQ$22)/(1+$AQ$23)-1 -> 0.11759341 | AV15: =(1+$AQ$19+AV11*$AQ$20+$AQ$21)*(1+$AQ$22)/(1+$AQ$23)-1 -> 0.11617048 | ... BY15: =(1+$AQ$19+BY11*$AQ$20+$AQ$21)*(1+$AQ$22)/(1+$AQ$23)-1 -> 0.11731945
A16: =Cotacao!C16 -> 7/17/2019 16:56:00 | B16: =IFERROR(LN(Cotacao!D17/Cotacao!D16),B15) -> 0.013129291 | C16: =IFERROR(LN(Cotacao!F17/Cotacao!F16),C15) -> -0.0062305498 | D16: =IFERROR(LN(Cotacao!H17/Cotacao!H16),D15) -> 0.00085616444 | E16: =IFERROR(LN(Cotacao!J17/Cotacao!J16),E15) -> 0.0066445427 | F16: =IFERROR(LN(Cotacao!L17/Cotacao!L16),F15) -> -0.0005196155 | G16: =IFERROR(LN(Cotacao!N17/Cotacao!N16),G15) -> 0.021423926 | H16: =IFERROR(LN(Cotacao!P17/Cotacao!P16),H15) -> 0.023275401 | I16: =IFERROR(LN(Cotacao!R17/Cotacao!R16),I15) -> -0.0067287014 | J16: =IFERROR(LN(Cotacao!T17/Cotacao!T16),J15) -> 0.028070228 | K16: =IFERROR(LN(Cotacao!V17/Cotacao!V16),K15) -> 0.015414563 | L16: =IFERROR(LN(Cotacao!X17/Cotacao!X16),L15) -> -0.00026936027 | M16: =IFERROR(LN(Profit!B16/Profit!B15),M15) -> -0.0088247665 | N16: =IFERROR(LN(Cotacao!AB17/Cotacao!AB16),N15) -> 0.0097943976 | O16: =IFERROR(LN(Cotacao!AD17/Cotacao!AD16),O15) -> -0.00050517809 | P16: =IFERROR(LN(Cotacao!AF17/Cotacao!AF16),P15) -> 0.0069424635 | Q16: =IFERROR(LN(Cotacao!AH17/Cotacao!AH16),Q15) -> -0.0018996966 | R16: =IFERROR(LN(Cotacao!AJ17/Cotacao!AJ16),R15) -> -0.019699739 | S16: =IFERROR(LN(Cotacao!AL17/Cotacao!AL16),S15) -> 0.041045433 | T16: =IFERROR(LN(Cotacao!AN17/Cotacao!AN16),T15) -> -0.0021762794 | U16: =IFERROR(LN(Cotacao!AP17/Cotacao!AP16),U15) -> 0.0042283361 | V16: =IFERROR(LN(Cotacao!AR17/Cotacao!AR16),V15) -> 0 | W16: =IFERROR(LN(Cotacao!AT17/Cotacao!AT16),W15) -> -0.0024028846 | X16: =IFERROR(LN(Cotacao!AV17/Cotacao!AV16),X15) -> -0.0035026306 | Y16: =IFERROR(LN(Cotacao!AX17/Cotacao!AX16),Y15) -> -0.00016782747 | Z16: =IFERROR(LN(Cotacao!AZ17/Cotacao!AZ16),Z15) -> -0.0025673955 | AA16: =IFERROR(LN(Cotacao!BB17/Cotacao!BB16),AA15) -> -0.00057745983 | AB16: =IFERROR(LN(Cotacao!BD17/Cotacao!BD16),AB15) -> 0.0034682116 | AC16: =IFERROR(LN(Cotacao!BF17/Cotacao!BF16),AC15) -> 0.074515055 | AD16: =IFERROR(LN(Cotacao!BH17/Cotacao!BH16),AD15) -> 0.0042183031 | AE16: =IFERROR(LN(Cotacao!BJ17/Cotacao!BJ16),AE15) -> 0.00032792261 | AF16: =IFERROR(LN(Cotacao!BL17/Cotacao!BL16),AF15) -> 0.009717391 | AG16: =IFERROR(LN(Cotacao!BN17/Cotacao!BN16),AG15) -> -0.0063168334 | AH16: =IFERROR(LN(Cotacao!BP17/Cotacao!BP16),AH15) -> -0.0061605558 | AI16: =IFERROR(LN(Cotacao!BR17/Cotacao!BR16),AI15) -> -0.0032967063 | AJ16: =IFERROR(LN(Profit!C16/Profit!C15),AJ15) -> -0.0027384773 | AK16: =IFERROR(LN(Cotacao!BV17/Cotacao!BV16),AK15) -> 0.0082567593 | AL16: =IFERROR(LN(Cotacao!BX17/Cotacao!BX16),AL15) -> 0.010327114
A17: =Cotacao!C17 -> 7/18/2019 16:56:00 | B17: =IFERROR(LN(Cotacao!D18/Cotacao!D17),B16) -> -0.0059962022 | C17: =IFERROR(LN(Cotacao!F18/Cotacao!F17),C16) -> -0.027150989 | D17: =IFERROR(LN(Cotacao!H18/Cotacao!H17),D16) -> 0.0034173463 | E17: =IFERROR(LN(Cotacao!J18/Cotacao!J17),E16) -> -0.015573173 | F17: =IFERROR(LN(Cotacao!L18/Cotacao!L17),F16) -> -0.0026021352 | G17: =IFERROR(LN(Cotacao!N18/Cotacao!N17),G16) -> -0.012185985 | H17: =IFERROR(LN(Cotacao!P18/Cotacao!P17),H16) -> -0.019733295 | I17: =IFERROR(LN(Cotacao!R18/Cotacao!R17),I16) -> -0.015206375 | J17: =IFERROR(LN(Cotacao!T18/Cotacao!T17),J16) -> -0.043719999 | K17: =IFERROR(LN(Cotacao!V18/Cotacao!V17),K16) -> -0.0019138762 | L17: =IFERROR(LN(Cotacao!X18/Cotacao!X17),L16) -> -0.021420314 | M17: =IFERROR(LN(Profit!B17/Profit!B16),M16) -> 0.00040281974 | N17: =IFERROR(LN(Cotacao!AB18/Cotacao!AB17),N16) -> -0.0019512201 | O17: =IFERROR(LN(Cotacao!AD18/Cotacao!AD17),O16) -> -0.0060821272 | P17: =IFERROR(LN(Cotacao!AF18/Cotacao!AF17),P16) -> -0.0014423773 | Q17: =IFERROR(LN(Cotacao!AH18/Cotacao!AH17),Q16) -> 0.0024689026 | R17: =IFERROR(LN(Cotacao!AJ18/Cotacao!AJ17),R16) -> -0.0081220949 | S17: =IFERROR(LN(Cotacao!AL18/Cotacao!AL17),S16) -> -0.014855101 | T17: =IFERROR(LN(Cotacao!AN18/Cotacao!AN17),T16) -> 0.010834342 | U17: =IFERROR(LN(Cotacao!AP18/Cotacao!AP17),U16) -> -0.0042283361 | V17: =IFERROR(LN(Cotacao!AR18/Cotacao!AR17),V16) -> 0.00085142619 | W17: =IFERROR(LN(Cotacao!AT18/Cotacao!AT17),W16) -> 0.0024828814 | X17: =IFERROR(LN(Cotacao!AV18/Cotacao!AV17),X16) -> 0.0104713 | Y17: =IFERROR(LN(Cotacao!AX18/Cotacao!AX17),Y16) -> -0.0013436347 | Z17: =IFERROR(LN(Cotacao!AZ18/Cotacao!AZ17),Z16) -> 0.0025673955 | AA17: =IFERROR(LN(Cotacao!BB18/Cotacao!BB17),AA16) -> -0.0083784971 | AB17: =IFERROR(LN(Cotacao!BD18/Cotacao!BD17),AB16) -> -0.020992024 | AC17: =IFERROR(LN(Cotacao!BF18/Cotacao!BF17),AC16) -> 0.063687819 | AD17: =IFERROR(LN(Cotacao!BH18/Cotacao!BH17),AD16) -> 0.016697492 | AE17: =IFERROR(LN(Cotacao!BJ18/Cotacao!BJ17),AE16) -> -0.00065595279 | AF17: =IFERROR(LN(Cotacao!BL18/Cotacao!BL17),AF16) -> 0.0017566979 | AG17: =IFERROR(LN(Cotacao!BN18/Cotacao!BN17),AG16) -> -0.015968894 | AH17: =IFERROR(LN(Cotacao!BP18/Cotacao!BP17),AH16) -> -0.0025477721 | AI17: =IFERROR(LN(Cotacao!BR18/Cotacao!BR17),AI16) -> -0.01497117 | AJ17: =IFERROR(LN(Profit!C17/Profit!C16),AJ16) -> 0.0072860067 | AK17: =IFERROR(LN(Cotacao!BV18/Cotacao!BV17),AK16) -> -0.012150498 | AL17: =IFERROR(LN(Cotacao!BX18/Cotacao!BX17),AL16) -> -0.021811493 | AO17: DADOS PARA O CAPM (ke) | AS17: Período | AT17: 247
A18: =Cotacao!C18 -> 7/19/2019 16:56:00 | B18: =IFERROR(LN(Cotacao!D19/Cotacao!D18),B17) -> 0.0081677557 | C18: =IFERROR(LN(Cotacao!F19/Cotacao!F18),C17) -> 0.012762252 | D18: =IFERROR(LN(Cotacao!H19/Cotacao!H18),D17) -> 0.0031931906 | E18: =IFERROR(LN(Cotacao!J19/Cotacao!J18),E17) -> 0.0059612695 | F18: =IFERROR(LN(Cotacao!L19/Cotacao!L18),F17) -> 0.022160144 | G18: =IFERROR(LN(Cotacao!N19/Cotacao!N18),G17) -> 0.015209419 | H18: =IFERROR(LN(Cotacao!P19/Cotacao!P18),H17) -> 0.014044278 | I18: =IFERROR(LN(Cotacao!R19/Cotacao!R18),I17) -> 0.0016116039 | J18: =IFERROR(LN(Cotacao!T19/Cotacao!T18),J17) -> -0.029343263 | K18: =IFERROR(LN(Cotacao!V19/Cotacao!V18),K17) -> 0 | L18: =IFERROR(LN(Cotacao!X19/Cotacao!X18),L17) -> 0.0018331811 | M18: =IFERROR(LN(Profit!B18/Profit!B17),M17) -> -0.010526413 | N18: =IFERROR(LN(Cotacao!AB19/Cotacao!AB18),N17) -> 0.019726031 | O18: =IFERROR(LN(Cotacao!AD19/Cotacao!AD18),O17) -> 0.0035524016 | P18: =IFERROR(LN(Cotacao!AF19/Cotacao!AF18),P17) -> 0.0014423773 | Q18: =IFERROR(LN(Cotacao!AH19/Cotacao!AH18),Q17) -> -0.0051345554 | R18: =IFERROR(LN(Cotacao!AJ19/Cotacao!AJ18),R17) -> -0.0019856598 | S18: =IFERROR(LN(Cotacao!AL19/Cotacao!AL18),S17) -> -0.009569451 | T18: =IFERROR(LN(Cotacao!AN19/Cotacao!AN18),T17) -> -0.0054024983 | U18: =IFERROR(LN(Cotacao!AP19/Cotacao!AP18),U17) -> 0.0044814686 | V18: =IFERROR(LN(Cotacao!AR19/Cotacao!AR18),V17) -> 0.0059397714 | W18: =IFERROR(LN(Cotacao!AT19/Cotacao!AT18),W17) -> -0.016209379 | X18: =IFERROR(LN(Cotacao!AV19/Cotacao!AV18),X17) -> 0.00069420343 | Y18: =IFERROR(LN(Cotacao!AX19/Cotacao!AX18),Y17) -> 0.00025206907 | Z18: =IFERROR(LN(Cotacao!AZ19/Cotacao!AZ18),Z17) -> 0.012739026 | AA18: =IFERROR(LN(Cotacao!BB19/Cotacao!BB18),AA17) -> 0.016623726 | AB18: =IFERROR(LN(Cotacao!BD19/Cotacao!BD18),AB17) -> -0.00058944888 | AC18: =IFERROR(LN(Cotacao!BF19/Cotacao!BF18),AC17) -> -0.060668949 | AD18: =IFERROR(LN(Cotacao!BH19/Cotacao!BH18),AD17) -> 0.0090148711 | AE18: =IFERROR(LN(Cotacao!BJ19/Cotacao!BJ18),AE17) -> 0 | AF18: =IFERROR(LN(Cotacao!BL19/Cotacao!BL18),AF17) -> -0.008371937 | AG18: =IFERROR(LN(Cotacao!BN19/Cotacao!BN18),AG17) -> 0.023737809 | AH18: =IFERROR(LN(Cotacao!BP19/Cotacao!BP18),AH17) -> 0.0018204993 | AI18: =IFERROR(LN(Cotacao!BR19/Cotacao!BR18),AI17) -> 0.0011166947 | AJ18: =IFERROR(LN(Profit!C18/Profit!C17),AJ17) -> 0.0063319976 | AK18: =IFERROR(LN(Cotacao!BV19/Cotacao!BV18),AK17) -> 0.0047977591 | AL18: =IFERROR(LN(Cotacao!BX19/Cotacao!BX18),AL17) -> 0.0045399065 | AP18: Brasil | AQ18: EUA | AS18: 2 anos | AT18: 501
A19: =Cotacao!C19 -> 7/22/2019 16:56:00 | B19: =IFERROR(LN(Cotacao!D20/Cotacao!D19),B18) -> 0.0037889085 | C19: =IFERROR(LN(Cotacao!F20/Cotacao!F19),C18) -> -0.0075769418 | D19: =IFERROR(LN(Cotacao!H20/Cotacao!H19),D18) -> -0.0096103249 | E19: =IFERROR(LN(Cotacao!J20/Cotacao!J19),E18) -> 0.0029673612 | F19: =IFERROR(LN(Cotacao!L20/Cotacao!L19),F18) -> 0.0025451783 | G19: =IFERROR(LN(Cotacao!N20/Cotacao!N19),G18) -> 0.0052691127 | H19: =IFERROR(LN(Cotacao!P20/Cotacao!P19),H18) -> 0.00063371358 | I19: =IFERROR(LN(Cotacao!R20/Cotacao!R19),I18) -> 0.0024125464 | J19: =IFERROR(LN(Cotacao!T20/Cotacao!T19),J18) -> 0.013978722 | K19: =IFERROR(LN(Cotacao!V20/Cotacao!V19),K18) -> 0.0095329607 | L19: =IFERROR(LN(Cotacao!X20/Cotacao!X19),L18) -> -0.0018331811 | M19: =IFERROR(LN(Profit!B19/Profit!B18),M18) -> -0.0032613156 | N19: =IFERROR(LN(Cotacao!AB20/Cotacao!AB19),N18) -> -0.0015331548 | O19: =IFERROR(LN(Cotacao!AD20/Cotacao!AD19),O18) -> 0.0040444949 | P19: =IFERROR(LN(Cotacao!AF20/Cotacao!AF19),P18) -> -0.011306107 | Q19: =IFERROR(LN(Cotacao!AH20/Cotacao!AH19),Q18) -> -0.013242685 | R19: =IFERROR(LN(Cotacao!AJ20/Cotacao!AJ19),R18) -> 0.024218485 | S19: =IFERROR(LN(Cotacao!AL20/Cotacao!AL19),S18) -> -0.011049836 | T19: =IFERROR(LN(Cotacao!AN20/Cotacao!AN19),T18) -> 0.010775966 | U19: =IFERROR(LN(Cotacao!AP20/Cotacao!AP19),U18) -> 0.0099060582 | V19: =IFERROR(LN(Cotacao!AR20/Cotacao!AR19),V18) -> -0.0025412974 | W19: =IFERROR(LN(Cotacao!AT20/Cotacao!AT19),W18) -> 0.00081267782 | X19: =IFERROR(LN(Cotacao!AV20/Cotacao!AV19),X18) -> -0.0015278842 | Y19: =IFERROR(LN(Cotacao!AX20/Cotacao!AX19),Y18) -> 0.0026847906 | Z19: =IFERROR(LN(Cotacao!AZ20/Cotacao!AZ19),Z18) -> 0.010075652 | AA19: =IFERROR(LN(Cotacao!BB20/Cotacao!BB19),AA18) -> 0.0069142969 | AB19: =IFERROR(LN(Cotacao!BD20/Cotacao!BD19),AB18) -> -0.0023612762 | AC19: =IFERROR(LN(Cotacao!BF20/Cotacao!BF19),AC18) -> -0.014421502 | AD19: =IFERROR(LN(Cotacao!BH20/Cotacao!BH19),AD18) -> -0.017850687 | AE19: =IFERROR(LN(Cotacao!BJ20/Cotacao!BJ19),AE18) -> -0.0013131978 | AF19: =IFERROR(LN(Cotacao!BL20/Cotacao!BL19),AF18) -> -0.00088534756 | AG19: =IFERROR(LN(Cotacao!BN20/Cotacao!BN19),AG18) -> -0.014616582 | AH19: =IFERROR(LN(Cotacao!BP20/Cotacao!BP19),AH18) -> 0.0010907109 | AI19: =IFERROR(LN(Cotacao!BR20/Cotacao!BR19),AI18) -> -0.0011166947 | AJ19: =IFERROR(LN(Profit!C19/Profit!C18),AJ18) -> -0.00090212004 | AK19: =IFERROR(LN(Cotacao!BV20/Cotacao!BV19),AK18) -> -0.0023614322 | AL19: =IFERROR(LN(Cotacao!BX20/Cotacao!BX19),AL18) -> -0.014035318 | AN19: Rf = taxa de retorno livre de risco | AO19: Rf | AP19: 0.0225 | AQ19: 0.025 | AS19: 1 ano | AT19: 252
A20: =Cotacao!C20 -> 7/23/2019 16:56:00 | B20: =IFERROR(LN(Cotacao!D21/Cotacao!D20),B19) -> 0.008606831 | C20: =IFERROR(LN(Cotacao!F21/Cotacao!F20),C19) -> -0.010397647 | D20: =IFERROR(LN(Cotacao!H21/Cotacao!H20),D19) -> 0.0074826645 | E20: =IFERROR(LN(Cotacao!J21/Cotacao!J20),E19) -> -0.02550776 | F20: =IFERROR(LN(Cotacao!L21/Cotacao!L20),F19) -> -0.006119346 | G20: =IFERROR(LN(Cotacao!N21/Cotacao!N20),G19) -> -0.0015026299 | H20: =IFERROR(LN(Cotacao!P21/Cotacao!P20),H19) -> 0.0034782644 | I20: =IFERROR(LN(Cotacao!R21/Cotacao!R20),I19) -> -0.0056383557 | J20: =IFERROR(LN(Cotacao!T21/Cotacao!T20),J19) -> 0.0037303534 | K20: =IFERROR(LN(Cotacao!V21/Cotacao!V20),K19) -> -0.019157674 | L20: =IFERROR(LN(Cotacao!X21/Cotacao!X20),L19) -> -0.037292299 | M20: =IFERROR(LN(Profit!B20/Profit!B19),M19) -> 0.0077283281 | N20: =IFERROR(LN(Cotacao!AB21/Cotacao!AB20),N19) -> -0.0046136183 | O20: =IFERROR(LN(Cotacao!AD21/Cotacao!AD20),O19) -> 0.011537625 | P20: =IFERROR(LN(Cotacao!AF21/Cotacao!AF20),P19) -> 0.011594333 | Q20: =IFERROR(LN(Cotacao!AH21/Cotacao!AH20),Q19) -> -0.021678419 | R20: =IFERROR(LN(Cotacao!AJ21/Cotacao!AJ20),R19) -> -0.021571814 | S20: =IFERROR(LN(Cotacao!AL21/Cotacao!AL20),S19) -> -0.016807118 | T20: =IFERROR(LN(Cotacao!AN21/Cotacao!AN20),T19) -> -0.0055890085 | U20: =IFERROR(LN(Cotacao!AP21/Cotacao!AP20),U19) -> -0.003514648 | V20: =IFERROR(LN(Cotacao!AR21/Cotacao!AR20),V19) -> -0.00084853633 | W20: =IFERROR(LN(Cotacao!AT21/Cotacao!AT20),W19) -> 0.0032441229 | X20: =IFERROR(LN(Cotacao!AV21/Cotacao!AV20),X19) -> -0.0041788611 | Y20: =IFERROR(LN(Cotacao!AX21/Cotacao!AX20),Y19) -> 0.0027611614 | Z20: =IFERROR(LN(Cotacao!AZ21/Cotacao!AZ20),Z19) -> 0.063127752 | AA20: =IFERROR(LN(Cotacao!BB21/Cotacao!BB20),AA19) -> 0.0025254133 | AB20: =IFERROR(LN(Cotacao!BD21/Cotacao!BD20),AB19) -> -0.014885657 | AC20: =IFERROR(LN(Cotacao!BF21/Cotacao!BF20),AC19) -> -0.027122933 | AD20: =IFERROR(LN(Cotacao!BH21/Cotacao!BH20),AD19) -> 0.0096117119 | AE20: =IFERROR(LN(Cotacao!BJ21/Cotacao!BJ20),AE19) -> 0.0017068211 | AF20: =IFERROR(LN(Cotacao!BL21/Cotacao!BL20),AF19) -> 0.018429657 | AG20: =IFERROR(LN(Cotacao!BN21/Cotacao!BN20),AG19) -> 0.04275387 | AH20: =IFERROR(LN(Cotacao!BP21/Cotacao!BP20),AH19) -> -0.0061964842 | AI20: =IFERROR(LN(Cotacao!BR21/Cotacao!BR20),AI19) -> 0.020459658 | AJ20: =IFERROR(LN(Profit!C20/Profit!C19),AJ19) -> -0.0018066852 | AK20: =IFERROR(LN(Cotacao!BV21/Cotacao!BV20),AK19) -> 0.0039962749 | AL20: =IFERROR(LN(Cotacao!BX21/Cotacao!BX20),AL19) -> -0.0286758 | AN20: Rm-Rf = premio de risco de mercado | AO20: Rm-Rf | AP20: 0.08 | AQ20: 0.067 | AS20: 6 meses | AT20: =AT19/2 -> 126
